Company,Date,Price
786,2026-09-17,21.05
AABS,2026-09-17,797.39
AATM,2026-09-17,44.98
ABL,2026-09-17,170.2
ABOT,2026-09-17,915.37
ACIETF,2026-09-17,16.3
ACPL,2026-09-17,230.0
ADAMS,2026-09-17,64.39
ADMM,2026-09-17,55.9
AGHA,2026-09-17,6.6
AGHA-OCT,2026-09-17,6.51
AGHA-SEP,2026-09-17,6.63
AGIC,2026-09-17,39.5
AGIL,2026-09-17,146.69
AGL,2026-09-17,47.27
AGP,2026-09-17,150.9
AGP-SEPB,2026-09-17,150.1
AGSML,2026-09-17,8.45
AGTL,2026-09-17,342.78
AHCL,2026-09-17,14.97
AHL,2026-09-17,118.56
AHTM,2026-09-17,89.9
AICL,2026-09-17,99.2
AICL-OCTB,2026-09-17,98.5
AICL-SEPB,2026-09-17,99.58
AIRLINK,2026-09-17,123.56
AIRLINK-OCT,2026-09-17,125.87
AIRLINK-SEP,2026-09-17,123.81
AKBL,2026-09-17,106.99
AKBL-SEPB,2026-09-17,107.45
AKDHL,2026-09-17,146.17
AKDSL,2026-09-17,34.61
AKGL,2026-09-17,53.07
ALAC,2026-09-17,24.68
ALIFE,2026-09-17,30.29
ALNRS,2026-09-17,119.0
ALTN,2026-09-17,6.54
AMBL,2026-09-17,19.48
AMTEX,2026-09-17,3.81
ANL,2026-09-17,8.93
ANLNV,2026-09-17,7.55
ANSM,2026-09-17,24.03
ANTM,2026-09-17,72.51
APL,2026-09-17,570.94
ARCTM,2026-09-17,37.39
ARMG,2026-09-17,55.84
ARPAK,2026-09-17,134.85
ARPL,2026-09-17,430.22
ARUJ,2026-09-17,10.03
ASC,2026-09-17,8.2
ASHT,2026-09-17,32.55
ASL,2026-09-17,17.1
ASL-OCT,2026-09-17,17.58
ASL-SEP,2026-09-17,17.1
ASLCPS,2026-09-17,85.67
ASLPS,2026-09-17,26.18
ASTL,2026-09-17,16.8
ASTM,2026-09-17,130.11
ATBA,2026-09-17,163.15
ATIL,2026-09-17,73.14
ATLH,2026-09-17,1575.69
ATRL,2026-09-17,1099.69
ATRL-SEP,2026-09-17,1101.36
AVN,2026-09-17,28.04
BAFL,2026-09-17,56.89
BAFL-OCT,2026-09-17,56.8
BAFL-SEPB,2026-09-17,56.99
BAFS,2026-09-17,432.18
BAHL,2026-09-17,151.83
BAPL,2026-09-17,45.42
BATA,2026-09-17,851.76
BBFL,2026-09-17,39.83
BCL,2026-09-17,72.07
BECO,2026-09-17,4.43
BECO-SEP,2026-09-17,4.46
BELA,2026-09-17,54.67
BERG,2026-09-17,121.32
BFAGRO,2026-09-17,30.27
BFBIO,2026-09-17,123.55
BFMOD,2026-09-17,20.5
BGL,2026-09-17,9.7
BHAT,2026-09-17,819.53
BIFO,2026-09-17,115.1
BIPL,2026-09-17,24.66
BIPL-SEPB,2026-09-17,24.93
BLUEX,2026-09-17,6.01
BML,2026-09-17,45.18
BML-SEP,2026-09-17,45.5
BNL,2026-09-17,5.6
BNL-SEP,2026-09-17,5.64
BNWM,2026-09-17,63.14
BOK,2026-09-17,28.48
BOP,2026-09-17,30.65
BOP-OCTB,2026-09-17,30.91
BOP-SEPB,2026-09-17,30.72
BPL,2026-09-17,62.39
BRRG,2026-09-17,42.61
BTL,2026-09-17,878.33
BUXL,2026-09-17,573.93
BWCL,2026-09-17,434.18
BWHL,2026-09-17,219.45
CCM,2026-09-17,42.51
CENI,2026-09-17,66.1
CEPB,2026-09-17,26.64
CHAS,2026-09-17,79.88
CHBL,2026-09-17,9.69
CHCC,2026-09-17,270.64
CHCC-SEP,2026-09-17,268.0
CJPL,2026-09-17,16.99
CLCPS,2026-09-17,3.42
CLOV,2026-09-17,6.37
CLVL,2026-09-17,34.89
CNERGY,2026-09-17,12.88
CNERGY-OCT,2026-09-17,13.04
CNERGY-SEP,2026-09-17,12.91
COLG,2026-09-17,1125.32
CPHL,2026-09-17,73.94
CPHL-OCT,2026-09-17,75.33
CPHL-SEP,2026-09-17,73.84
CPPL,2026-09-17,100.87
CRTM,2026-09-17,62.0
CSAP,2026-09-17,90.3
CSIL,2026-09-17,5.67
CSIL-NOV,2026-09-17,6.0
CSIL-OCT,2026-09-17,5.78
CSIL-SEP,2026-09-17,5.69
CTM,2026-09-17,6.23
DAAG,2026-09-17,84.21
DADX,2026-09-17,103.07
DBCI,2026-09-17,10.36
DCL,2026-09-17,9.5
DCL-OCT,2026-09-17,9.68
DCL-SEP,2026-09-17,9.52
DCR,2026-09-17,39.74
DEL,2026-09-17,17.98
DFML,2026-09-17,15.36
DFSM,2026-09-17,11.67
DGKC,2026-09-17,193.98
DGKC-OCT,2026-09-17,197.61
DGKC-SEP,2026-09-17,194.41
DIIL,2026-09-17,76.37
DINT,2026-09-17,60.64
DLL,2026-09-17,46.08
DMC,2026-09-17,155.43
DNCC,2026-09-17,15.61
DOL,2026-09-17,30.02
DSIL,2026-09-17,9.3
DSL,2026-09-17,4.36
DWAE,2026-09-17,20.85
DWSM,2026-09-17,5.99
DWTM,2026-09-17,9.68
DYNO,2026-09-17,329.56
ECOP,2026-09-17,51.28
EFERT,2026-09-17,187.03
EFERT-SEPB,2026-09-17,187.68
EFUG,2026-09-17,129.83
EFUL,2026-09-17,159.15
ELCM,2026-09-17,279.51
ELSM,2026-09-17,148.25
EMCO,2026-09-17,36.16
ENGROH,2026-09-17,261.5
ENGROH-SEP,2026-09-17,262.15
EPCL,2026-09-17,33.31
EPCL-SEP,2026-09-17,33.18
EPCLPS,2026-09-17,13.26
EPQL,2026-09-17,23.65
ESBL,2026-09-17,8.7
EWIC,2026-09-17,54.58
EXIDE,2026-09-17,427.16
FABL,2026-09-17,92.99
FABL-SEPB,2026-09-17,92.5
FANM,2026-09-17,9.35
FASM,2026-09-17,300.01
FATIMA,2026-09-17,146.97
FATIMA-SEP,2026-09-17,147.48
FCCL,2026-09-17,53.09
FCCL-OCTB,2026-09-17,52.55
FCCL-SEPB,2026-09-17,51.87
FCEL,2026-09-17,5.0
FCEPL,2026-09-17,139.2
FCIBL,2026-09-17,31.42
FCL,2026-09-17,26.97
FCL-SEP,2026-09-17,27.05
FCSC,2026-09-17,4.96
FDPL,2026-09-17,4.5
FDPL-SEP,2026-09-17,4.51
FECM,2026-09-17,20.11
FECTC,2026-09-17,93.81
FEM,2026-09-17,10.81
FEROZ,2026-09-17,330.35
FFC,2026-09-17,531.01
FFC-SEPB,2026-09-17,532.0
FFL,2026-09-17,14.54
FFL-OCT,2026-09-17,14.81
FFL-SEP,2026-09-17,14.56
FFLM,2026-09-17,10.95
FHAM,2026-09-17,30.98
FIBLM,2026-09-17,15.15
FIL,2026-09-17,260.46
FIMM,2026-09-17,215.99
FLYNG,2026-09-17,35.71
FML,2026-09-17,47.01
FNEL,2026-09-17,1.07
FPJM,2026-09-17,22.49
FPRM,2026-09-17,11.95
FRCL,2026-09-17,82.51
FRSM,2026-09-17,41.15
FSWL,2026-09-17,145.9
FTMM,2026-09-17,18.31
FTSM,2026-09-17,37.37
FZCM,2026-09-17,249.88
GADT,2026-09-17,295.99
GAL,2026-09-17,546.92
GAL-OCT,2026-09-17,555.0
GAL-SEP,2026-09-17,548.17
GAMON,2026-09-17,19.05
GATI,2026-09-17,85.68
GATM,2026-09-17,21.53
GATM-OCT,2026-09-17,21.93
GATM-SEP,2026-09-17,21.6
GCIL,2026-09-17,31.09
GCIL-SEP,2026-09-17,31.24
GCWL,2026-09-17,14.01
GCWLPRS,2026-09-17,131.99
GDL,2026-09-17,17.88
GEMMEL,2026-09-17,43.21
GEMPACRA,2026-09-17,32.25
GEMPAPL,2026-09-17,11
GFIL,2026-09-17,26.01
GGGL,2026-09-17,7.58
GGL,2026-09-17,18.93
GGL-OCT,2026-09-17,19.28
GGL-SEP,2026-09-17,18.99
GHGL,2026-09-17,40.21
GHNI,2026-09-17,1103.1
GHNI-SEP,2026-09-17,1105.76
GLAXO,2026-09-17,314.61
GLAXO-SEPB,2026-09-17,315.0
GOC,2026-09-17,166.02
GRR,2026-09-17,22.24
GRYL,2026-09-17,20.93
GSPM,2026-09-17,6.75
GTYR,2026-09-17,24.7
GUSM,2026-09-17,9.02
GVGL,2026-09-17,56.18
GWLC,2026-09-17,49.83
HABSM,2026-09-17,79.05
HAEL,2026-09-17,23.55
HAFL,2026-09-17,430.06
HALEON,2026-09-17,700.57
HASCOL,2026-09-17,20.32
HBL,2026-09-17,297.41
HBL-SEPB,2026-09-17,298.52
HBLTETF,2026-09-17,106.01
HCAR,2026-09-17,221.9
HGFA,2026-09-17,13.55
HICL,2026-09-17,8.02
HIFA,2026-09-17,4.62
HINO,2026-09-17,319.56
HINOON,2026-09-17,905.2
HIRAT,2026-09-17,5.13
HMB,2026-09-17,97.7
HMB-SEPB,2026-09-17,98.04
HPL,2026-09-17,3861.54
HRPL,2026-09-17,21.1
HTL,2026-09-17,37.93
HUBC,2026-09-17,202.57
HUBC-OCT,2026-09-17,205.0
HUBC-SEP,2026-09-17,202.87
HUMNL,2026-09-17,9.95
HUMNL-OCT,2026-09-17,10.14
HUMNL-SEP,2026-09-17,9.96
HUSI,2026-09-17,51.3
HWQS,2026-09-17,19.06
IBFL,2026-09-17,289.96
IBLHL,2026-09-17,42.04
ICCI,2026-09-17,13.4
ICIBL,2026-09-17,16.75
ICL,2026-09-17,129.88
IDEAL,2026-09-17,44.51
IDRT,2026-09-17,32.08
IDYM,2026-09-17,130.6
IGIHL,2026-09-17,237.91
IGIL,2026-09-17,19.99
ILP,2026-09-17,96.83
ILP-SEP,2026-09-17,97.17
IMAGE,2026-09-17,25.11
IMAGE-SEP,2026-09-17,25.4
IML,2026-09-17,23.16
IMS,2026-09-17,17.94
INDU,2026-09-17,1822.98
INIL,2026-09-17,160.13
INKL,2026-09-17,101.33
IPAK,2026-09-17,35.9
IREIT,2026-09-17,8.02
ISIL,2026-09-17,1811.14
ISL,2026-09-17,79.99
ITANZ,2026-09-17,34.08
ITTEFAQ,2026-09-17,7.78
JATM,2026-09-17,36.75
JDMT,2026-09-17,130.8
JDWS,2026-09-17,883.03
JGICL,2026-09-17,76.4
JKSM,2026-09-17,334.74
JLICL,2026-09-17,105.12
JSBL,2026-09-17,12.13
JSCL,2026-09-17,20.0
JSGBETF,2026-09-17,38.71
JSGCL,2026-09-17,141.0
JSIL,2026-09-17,36.85
JSMFETF,2026-09-17,10.3
JSML,2026-09-17,47.34
JSRR,2026-09-17,10.7
JUBS,2026-09-17,55.29
JVDC,2026-09-17,139.73
JVDC-SEP,2026-09-17,140.48
KAPCO,2026-09-17,26.26
KAPCO-SEP,2026-09-17,26.34
KCL,2026-09-17,185.16
KEL,2026-09-17,6.63
KEL-OCT,2026-09-17,6.75
KEL-SEP,2026-09-17,6.66
KHTC,2026-09-17,291.17
KHYT,2026-09-17,1928.95
KML,2026-09-17,8.23
KOHC,2026-09-17,90.17
KOHC-SEP,2026-09-17,90.56
KOHE,2026-09-17,15.52
KOHP,2026-09-17,20.6
KOHTM,2026-09-17,83.92
KOIL,2026-09-17,33.89
KOSM,2026-09-17,5.16
KOSM-OCT,2026-09-17,5.26
KOSM-SEP,2026-09-17,5.17
KPUS,2026-09-17,813.79
KSBP,2026-09-17,219.66
KSTM,2026-09-17,12.82
KTML,2026-09-17,42.98
LCI,2026-09-17,208.96
LEUL,2026-09-17,68.39
LIVEN,2026-09-17,30.56
LOADS,2026-09-17,12.97
LOADS-SEP,2026-09-17,13.03
LOTCHEM,2026-09-17,24.59
LOTCHEM-SEPB,2026-09-17,24.65
LPGL,2026-09-17,71.11
LPL,2026-09-17,19.51
LSECL,2026-09-17,5.56
LSEFSL,2026-09-17,3.14
LSEVL,2026-09-17,11.9
LUCK,2026-09-17,406.95
LUCK-OCTB,2026-09-17,414.57
LUCK-SEPB,2026-09-17,409.52
MACFL,2026-09-17,68.55
MACTER,2026-09-17,241.61
MARI,2026-09-17,650.22
MARI-OCTB,2026-09-17,640.0
MARI-SEPB,2026-09-17,635.5
MCB,2026-09-17,390.37
MCBIM,2026-09-17,161.48
MDTL,2026-09-17,7.6
MDTL-OCT,2026-09-17,7.74
MDTL-SEP,2026-09-17,7.63
MEBL,2026-09-17,543.86
MEBL-OCTB,2026-09-17,549.0
MEBL-SEPB,2026-09-17,545.0
MEHT,2026-09-17,137.9
MERIT,2026-09-17,9.72
MFFL,2026-09-17,158.48
MFL,2026-09-17,43.11
MIIETF,2026-09-17,15.92
MIRKS,2026-09-17,30.9
MLCF,2026-09-17,93.26
MLCF-OCT,2026-09-17,93.6
MLCF-SEP,2026-09-17,93.51
MQTM,2026-09-17,26.0
MRNS,2026-09-17,57.19
MSCL,2026-09-17,21.08
MSOT,2026-09-17,195.09
MTL,2026-09-17,298.32
MTL-SEP,2026-09-17,301.48
MUGHAL,2026-09-17,67.97
MUGHAL-SEP,2026-09-17,68.18
MUGHALC,2026-09-17,63.48
MUREB,2026-09-17,911.14
MWMP,2026-09-17,86.26
MZNPETF,2026-09-17,17.11
NAGC,2026-09-17,77.0
NATF,2026-09-17,350.15
NATM,2026-09-17,66.56
NBP,2026-09-17,166.95
NBP-OCT,2026-09-17,170.0
NBP-SEP,2026-09-17,167.4
NBPGETF,2026-09-17,26.1
NCL,2026-09-17,36.36
NCML,2026-09-17,16.58
NCPL,2026-09-17,55.78
NCPL-OCT,2026-09-17,56.82
NCPL-SEP,2026-09-17,55.81
NESTLE,2026-09-17,7490.0
NETSOL,2026-09-17,124.69
NEXT,2026-09-17,14.29
NICL,2026-09-17,269.32
NITGETF,2026-09-17,32.7
NML,2026-09-17,129.04
NML-OCT,2026-09-17,131.46
NML-SEP,2026-09-17,129.72
NNAR,2026-09-17,23.3
NONS,2026-09-17,79.74
NPL,2026-09-17,61.9
NPL-OCT,2026-09-17,63.06
NPL-SEP,2026-09-17,62.12
NRL,2026-09-17,519.07
NRL-SEP,2026-09-17,521.16
NRSL,2026-09-17,36.66
NSRM,2026-09-17,207.48
OBOY,2026-09-17,17.01
OCTOPUS,2026-09-17,28.49
OGDC,2026-09-17,316.2
OGDC-OCT,2026-09-17,317.5
OGDC-SEP,2026-09-17,317.74
OLPL,2026-09-17,50.96
OLPM,2026-09-17,26.01
OML,2026-09-17,83.33
ORM,2026-09-17,10.36
OTSU,2026-09-17,338.5
PABC,2026-09-17,93.41
PACE,2026-09-17,9.89
PACE-OCT,2026-09-17,10.08
PACE-SEP,2026-09-17,9.97
PAEL,2026-09-17,35.66
PAEL-OCT,2026-09-17,36.33
PAEL-SEP,2026-09-17,35.76
PAKD,2026-09-17,118.85
PAKL,2026-09-17,56.38
PAKOXY,2026-09-17,335.02
PAKQATAR,2026-09-17,16.6
PAKRI,2026-09-17,15.54
PAKT,2026-09-17,1351.8
PASL,2026-09-17,2.6
PASM,2026-09-17,9.82
PCAL,2026-09-17,144.07
PECO,2026-09-17,621.7
PGLC,2026-09-17,17.21
PIAHCLA,2026-09-17,21.03
PIAHCLA-OCT,2026-09-17,21.42
PIAHCLA-SEP,2026-09-17,21.1
PIAHCLB,2026-09-17,16266.0
PIBTL,2026-09-17,14.96
PIBTL-OCT,2026-09-17,15.24
PIBTL-SEP,2026-09-17,15.01
PICT,2026-09-17,40.58
PIL,2026-09-17,5.01
PIM,2026-09-17,60.64
PINL,2026-09-17,10.2
PIOC,2026-09-17,242.0
PIOC-SEP,2026-09-17,241.74
PKGI,2026-09-17,43.72
PKGP,2026-09-17,35.95
PKGS,2026-09-17,714.98
PMRS,2026-09-17,386.33
PNSC,2026-09-17,511.7
POL,2026-09-17,740.17
POL-SEP,2026-09-17,740.0
POML,2026-09-17,160.0
POWER,2026-09-17,21.83
POWER-OCT,2026-09-17,22.24
POWER-SEP,2026-09-17,21.92
PPL,2026-09-17,225.51
PPL-OCT,2026-09-17,225.83
PPL-SEP,2026-09-17,225.9
PPP,2026-09-17,144.57
PPVC,2026-09-17,27.94
PQGTL,2026-09-17,12.78
PREMA,2026-09-17,32.11
PREMA-SEP,2026-09-17,32.16
PRET,2026-09-17,520.63
PRL,2026-09-17,83.12
PRL-OCT,2026-09-17,84.68
PRL-SEP,2026-09-17,83.44
PRWM,2026-09-17,63.06
PSEL,2026-09-17,1320.7
PSO,2026-09-17,341.93
PSO-OCT,2026-09-17,348.33
PSO-SEP,2026-09-17,343.01
PSX,2026-09-17,44.77
PSYL,2026-09-17,150.0
PTC,2026-09-17,62.85
PTC-OCT,2026-09-17,64.03
PTC-SEP,2026-09-17,63.13
PTL,2026-09-17,49.31
QTECH,2026-09-17,36.99
QUET,2026-09-17,14.77
QUICE,2026-09-17,24.82
REDCO,2026-09-17,27.87
REWM,2026-09-17,166.64
RICL,2026-09-17,11.69
RMPL,2026-09-17,9050.0
RPL,2026-09-17,14.96
RUBY,2026-09-17,22.45
RUPL,2026-09-17,29.33
SAIF,2026-09-17,40.78
SANSM,2026-09-17,119.61
SAPT,2026-09-17,1438.85
SARC,2026-09-17,84.55
SASML,2026-09-17,353.07
SAZEW,2026-09-17,1732.48
SAZEW-OCTB,2026-09-17,1765.69
SAZEW-SEPB,2026-09-17,1742.43
SBL,2026-09-17,13.05
SCBPL,2026-09-17,60.75
SEARL,2026-09-17,78.46
SEARL-OCT,2026-09-17,78.8
SEARL-SEP,2026-09-17,78.58
SEL,2026-09-17,26.1
SELECT,2026-09-17,28.26
SEPL,2026-09-17,139.11
SERT,2026-09-17,39.03
SFL,2026-09-17,1049.2
SGF,2026-09-17,103.86
SGPL,2026-09-17,33.48
SHCM,2026-09-17,55.0
SHDT,2026-09-17,52.33
SHEZ,2026-09-17,268.04
SHFA,2026-09-17,428.12
SHJS,2026-09-17,136.4
SHNI,2026-09-17,8.11
SHSML,2026-09-17,354.76
SIBL,2026-09-17,7.05
SIEM,2026-09-17,1602.4
SINDM,2026-09-17,27.12
SITC,2026-09-17,737.77
SKRS,2026-09-17,24.7
SLGL,2026-09-17,13.85
SLGL-SEP,2026-09-17,13.86
SLM,2026-09-17,22.55
SLYT,2026-09-17,17.53
SMCPL,2026-09-17,40.0
SML,2026-09-17,97.0
SNAI,2026-09-17,34.94
SNBL,2026-09-17,19.45
SNBL-SEP,2026-09-17,19.48
SNGP,2026-09-17,91.09
SNGP-SEP,2026-09-17,91.38
SOYASUP,2026-09-17,31.46
SPAC1,2026-09-17,15.01
SPAC2,2026-09-17,12.99
SPEL,2026-09-17,41.41
SPL,2026-09-17,44.41
SPSL,2026-09-17,15.04
SPWL,2026-09-17,7.91
SRR,2026-09-17,16.99
SRVI,2026-09-17,180.0
SSGC,2026-09-17,23.61
SSGC-OCT,2026-09-17,24.05
SSGC-SEP,2026-09-17,23.69
SSML,2026-09-17,18.9
SSOM,2026-09-17,433.34
STCL,2026-09-17,8.99
STJT,2026-09-17,145.56
STL,2026-09-17,22.75
STML,2026-09-17,50.77
STPL,2026-09-17,8.19
STYLERS,2026-09-17,48.99
SURC,2026-09-17,143.0
SUTM,2026-09-17,107.99
SYM,2026-09-17,12.48
SYS,2026-09-17,121.86
SYS-OCT,2026-09-17,124.14
SYS-SEP,2026-09-17,122.2
SZTM,2026-09-17,83.83
TATM,2026-09-17,150.96
TBL,2026-09-17,8.98
TCORP,2026-09-17,19.37
TCORPCPS,2026-09-17,10.11
TELE,2026-09-17,7.58
TELE-OCT,2026-09-17,7.72
TELE-SEP,2026-09-17,7.6
TGL,2026-09-17,163.34
THALL,2026-09-17,533.01
THCCL,2026-09-17,75.58
THCCL-OCT,2026-09-17,77.0
THCCL-SEP,2026-09-17,75.91
TICL,2026-09-17,1006.76
TISL,2026-09-17,4.07
TOMCL,2026-09-17,31.9
TOMCL-OCT,2026-09-17,32.5
TOMCL-SEP,2026-09-17,32.04
TOWL,2026-09-17,131.09
TPL,2026-09-17,22.34
TPL-SEP,2026-09-17,22.48
TPLI,2026-09-17,51.45
TPLL,2026-09-17,20.03
TPLP,2026-09-17,12.74
TPLP-OCT,2026-09-17,12.86
TPLP-SEP,2026-09-17,12.8
TPLRF1,2026-09-17,9.29
TPLRF1-SEP,2026-09-17,9.37
TPLT,2026-09-17,32.76
TREET,2026-09-17,21.31
TREET-OCT,2026-09-17,21.71
TREET-SEP,2026-09-17,21.47
TRG,2026-09-17,49.63
TRG-OCT,2026-09-17,50.31
TRG-SEP,2026-09-17,49.8
TRIPF,2026-09-17,130.99
TRSM,2026-09-17,13.49
TSBL,2026-09-17,2.41
TSMF,2026-09-17,15.87
TSML,2026-09-17,508.53
TSPL,2026-09-17,13.64
UBDL,2026-09-17,26.06
UBL,2026-09-17,422.83
UBL-OCT,2026-09-17,430.0
UBL-SEPB,2026-09-17,423.83
UBLPETF,2026-09-17,28.0
UCAPM,2026-09-17,5.4
UDLI,2026-09-17,15.96
UDPL,2026-09-17,108.4
UNIC,2026-09-17,11.53
UNITY,2026-09-17,8.18
UNITY-OCT,2026-09-17,8.33
UNITY-SEP,2026-09-17,8.15
UPFL,2026-09-17,24800.0
UVIC,2026-09-17,19.42
WAFI,2026-09-17,156.38
WAHDAT,2026-09-17,14.63
WAHN,2026-09-17,260.66
WASL,2026-09-17,5.82
WAVES,2026-09-17,8.88
WAVES-OCT,2026-09-17,9.05
WAVES-SEP,2026-09-17,8.92
WAVESAPP,2026-09-17,8.37
WAVESAPP-OCTB,2026-09-17,8.55
WAVESAPP-SEPB,2026-09-17,8.44
WTL,2026-09-17,1.02
WTL-SEPB,2026-09-17,1.02
YOUW,2026-09-17,4.76
ZAHID,2026-09-17,62.58
ZAL,2026-09-17,38.09
ZIL,2026-09-17,325.57
ZTL,2026-09-17,14.52
ZUMA,2026-09-17,28.97
786,2026-09-18,22.22
AABS,2026-09-18,793.27
AATM,2026-09-18,45.39
ABL,2026-09-18,170.35
ABOT,2026-09-18,923.72
ACIETF,2026-09-18,16.57
ACPL,2026-09-18,230.0
ADAMS,2026-09-18,65.11
ADMM,2026-09-18,56.08
AGHA,2026-09-18,6.74
AGHA-OCT,2026-09-18,6.9
AGHA-SEP,2026-09-18,6.75
AGIC,2026-09-18,39.5
AGIL,2026-09-18,150.65
AGL,2026-09-18,46.51
AGP,2026-09-18,153.36
AGP-SEPB,2026-09-18,153.23
AGSML,2026-09-18,8.66
AGTL,2026-09-18,343.89
AHCL,2026-09-18,15.1
AHL,2026-09-18,115.12
AHTM,2026-09-18,89.58
AICL,2026-09-18,97.99
AICL-OCTB,2026-09-18,98.5
AICL-SEPB,2026-09-18,98.2
AIRLINK,2026-09-18,129.03
AIRLINK-OCT,2026-09-18,131.01
AIRLINK-SEP,2026-09-18,129.17
AKBL,2026-09-18,107.7
AKBL-SEPB,2026-09-18,107.99
AKDHL,2026-09-18,149.95
AKDSL,2026-09-18,34.95
AKGL,2026-09-18,56.27
ALAC,2026-09-18,24.36
ALIFE,2026-09-18,31.36
ALNRS,2026-09-18,126.56
ALTN,2026-09-18,6.53
AMBL,2026-09-18,20.0
AMTEX,2026-09-18,3.95
ANL,2026-09-18,9.14
ANLNV,2026-09-18,7.55
ANSM,2026-09-18,24.49
ANTM,2026-09-18,71.0
APL,2026-09-18,574.47
ARCTM,2026-09-18,41.13
ARMG,2026-09-18,55.84
ARPAK,2026-09-18,142.96
ARPL,2026-09-18,439.8
ARUJ,2026-09-18,10.0
ASC,2026-09-18,8.26
ASHT,2026-09-18,33.27
ASL,2026-09-18,17.03
ASL-OCT,2026-09-18,17.37
ASL-SEP,2026-09-18,17.1
ASLCPS,2026-09-18,85.67
ASLPS,2026-09-18,25.5
ASTL,2026-09-18,16.98
ASTM,2026-09-18,134.26
ATBA,2026-09-18,166.87
ATIL,2026-09-18,74.85
ATLH,2026-09-18,1578.95
ATRL,2026-09-18,1095.15
ATRL-SEP,2026-09-18,1098.91
AVN,2026-09-18,28.35
BAFL,2026-09-18,57.15
BAFL-OCT,2026-09-18,57.42
BAFL-SEPB,2026-09-18,57.05
BAFS,2026-09-18,459.3
BAHL,2026-09-18,154.61
BAPL,2026-09-18,43.95
BATA,2026-09-18,853.39
BBFL,2026-09-18,40.68
BCL,2026-09-18,72.71
BECO,2026-09-18,4.44
BECO-SEP,2026-09-18,4.49
BELA,2026-09-18,56.02
BERG,2026-09-18,124.79
BFAGRO,2026-09-18,30.81
BFBIO,2026-09-18,124.67
BFMOD,2026-09-18,20.93
BGL,2026-09-18,9.8
BHAT,2026-09-18,819.53
BIFO,2026-09-18,116.55
BIPL,2026-09-18,24.98
BIPL-SEPB,2026-09-18,24.86
BLUEX,2026-09-18,6.15
BML,2026-09-18,49.7
BML-SEP,2026-09-18,50.05
BNL,2026-09-18,5.83
BNL-SEP,2026-09-18,5.85
BNWM,2026-09-18,65.97
BOK,2026-09-18,28.32
BOP,2026-09-18,31.19
BOP-OCTB,2026-09-18,31.56
BOP-SEPB,2026-09-18,31.28
BPL,2026-09-18,63.67
BRRG,2026-09-18,43.13
BTL,2026-09-18,845.45
BUXL,2026-09-18,631.32
BWCL,2026-09-18,440.02
BWHL,2026-09-18,221.57
CCM,2026-09-18,42.49
CENI,2026-09-18,64.77
CEPB,2026-09-18,26.55
CHAS,2026-09-18,85.05
CHBL,2026-09-18,10.69
CHCC,2026-09-18,273.54
CHCC-SEP,2026-09-18,275.77
CJPL,2026-09-18,17.24
CLCPS,2026-09-18,3.59
CLOV,2026-09-18,6.42
CLVL,2026-09-18,38.38
CNERGY,2026-09-18,12.92
CNERGY-OCT,2026-09-18,13.1
CNERGY-SEP,2026-09-18,12.95
COLG,2026-09-18,1127.3
CPHL,2026-09-18,75.38
CPHL-OCT,2026-09-18,76.68
CPHL-SEP,2026-09-18,75.41
CPPL,2026-09-18,101.72
CRTM,2026-09-18,63.0
CSAP,2026-09-18,91.5
CSIL,2026-09-18,5.67
CSIL-NOV,2026-09-18,6.1
CSIL-OCT,2026-09-18,5.75
CSIL-SEP,2026-09-18,5.74
CTM,2026-09-18,6.45
DAAG,2026-09-18,86.63
DADX,2026-09-18,111.36
DBCI,2026-09-18,10.66
DCL,2026-09-18,9.79
DCL-OCT,2026-09-18,9.9
DCL-SEP,2026-09-18,9.8
DCR,2026-09-18,39.81
DEL,2026-09-18,17.91
DFML,2026-09-18,15.52
DFSM,2026-09-18,11.89
DGKC,2026-09-18,196.08
DGKC-OCT,2026-09-18,196.0
DGKC-SEP,2026-09-18,196.66
DIIL,2026-09-18,76.22
DINT,2026-09-18,59.71
DLL,2026-09-18,47.0
DMC,2026-09-18,143.05
DNCC,2026-09-18,16.02
DOL,2026-09-18,30.09
DSIL,2026-09-18,9.75
DSL,2026-09-18,4.43
DWAE,2026-09-18,20.8
DWSM,2026-09-18,5.93
DWTM,2026-09-18,9.52
DYNO,2026-09-18,331.18
ECOP,2026-09-18,51.09
EFERT,2026-09-18,188.22
EFERT-SEPB,2026-09-18,189.0
EFUG,2026-09-18,124.81
EFUL,2026-09-18,158.79
ELCM,2026-09-18,307.46
ELSM,2026-09-18,148.25
EMCO,2026-09-18,37.03
ENGROH,2026-09-18,263.02
ENGROH-SEP,2026-09-18,263.48
EPCL,2026-09-18,34.21
EPCL-SEP,2026-09-18,34.13
EPCLPS,2026-09-18,13.6
EPQL,2026-09-18,23.93
ESBL,2026-09-18,8.94
EWIC,2026-09-18,54.58
EXIDE,2026-09-18,431.67
FABL,2026-09-18,94.2
FABL-SEPB,2026-09-18,94.0
FANM,2026-09-18,9.5
FASM,2026-09-18,300.01
FATIMA,2026-09-18,147.28
FATIMA-SEP,2026-09-18,148.05
FCCL,2026-09-18,54.35
FCCL-OCTB,2026-09-18,50.44
FCCL-SEPB,2026-09-18,52.97
FCEL,2026-09-18,5.36
FCEPL,2026-09-18,139.86
FCIBL,2026-09-18,34.56
FCL,2026-09-18,27.04
FCL-SEP,2026-09-18,27.14
FCSC,2026-09-18,5.59
FDPL,2026-09-18,4.66
FDPL-SEP,2026-09-18,4.66
FECM,2026-09-18,21.4
FECTC,2026-09-18,95.29
FEM,2026-09-18,10.97
FEROZ,2026-09-18,349.95
FFC,2026-09-18,539.03
FFC-SEPB,2026-09-18,541.02
FFL,2026-09-18,14.78
FFL-OCT,2026-09-18,15.01
FFL-SEP,2026-09-18,14.84
FFLM,2026-09-18,11.22
FHAM,2026-09-18,31.0
FIBLM,2026-09-18,15.54
FIL,2026-09-18,260.46
FIMM,2026-09-18,215.99
FLYNG,2026-09-18,36.42
FML,2026-09-18,48.08
FNEL,2026-09-18,1.1
FPJM,2026-09-18,24.74
FPRM,2026-09-18,12.95
FRCL,2026-09-18,79.1
FRSM,2026-09-18,43.12
FSWL,2026-09-18,145.9
FTMM,2026-09-18,20.14
FTSM,2026-09-18,40.58
FZCM,2026-09-18,257.91
GADT,2026-09-18,295.56
GAL,2026-09-18,543.38
GAL-OCT,2026-09-18,549.0
GAL-SEP,2026-09-18,545.25
GAMON,2026-09-18,19.14
GATI,2026-09-18,86.85
GATM,2026-09-18,22.87
GATM-OCT,2026-09-18,23.44
GATM-SEP,2026-09-18,22.81
GCIL,2026-09-18,32.99
GCIL-SEP,2026-09-18,33.16
GCWL,2026-09-18,14.52
GCWLPRS,2026-09-18,131.99
GDL,2026-09-18,17.75
GEMMEL,2026-09-18,43.21
GEMPACRA,2026-09-18,32.25
GFIL,2026-09-18,26.09
GGGL,2026-09-18,7.96
GGL,2026-09-18,20.38
GGL-OCT,2026-09-18,20.57
GGL-SEP,2026-09-18,20.39
GHGL,2026-09-18,40.08
GHNI,2026-09-18,1081.24
GHNI-SEP,2026-09-18,1084.33
GLAXO,2026-09-18,320.99
GLAXO-SEPB,2026-09-18,321.91
GOC,2026-09-18,164.99
GRR,2026-09-18,22.34
GRYL,2026-09-18,22.56
GSPM,2026-09-18,6.99
GTYR,2026-09-18,24.99
GUSM,2026-09-18,8.93
GVGL,2026-09-18,54.65
GWLC,2026-09-18,50.96
HABSM,2026-09-18,79.99
HAEL,2026-09-18,22.49
HAFL,2026-09-18,430.06
HALEON,2026-09-18,699.99
HASCOL,2026-09-18,20.18
HBL,2026-09-18,303.04
HBL-SEPB,2026-09-18,303.52
HBLTETF,2026-09-18,106.0
HCAR,2026-09-18,222.54
HGFA,2026-09-18,13.6
HICL,2026-09-18,8.06
HIFA,2026-09-18,4.74
HINO,2026-09-18,325.91
HINOON,2026-09-18,928.3
HIRAT,2026-09-18,5.24
HMB,2026-09-18,98.4
HMB-SEPB,2026-09-18,98.5
HPL,2026-09-18,3927.91
HRPL,2026-09-18,20.98
HTL,2026-09-18,39.45
HUBC,2026-09-18,203.8
HUBC-OCT,2026-09-18,206.0
HUBC-SEP,2026-09-18,204.33
HUMNL,2026-09-18,9.93
HUMNL-OCT,2026-09-18,10.05
HUMNL-SEP,2026-09-18,10.03
HUSI,2026-09-18,50.39
HWQS,2026-09-18,18.81
IBFL,2026-09-18,285.06
IBLHL,2026-09-18,43.68
ICCI,2026-09-18,13.68
ICIBL,2026-09-18,17.29
ICL,2026-09-18,129.95
IDEAL,2026-09-18,41.88
IDRT,2026-09-18,32.94
IDYM,2026-09-18,132.87
IGIHL,2026-09-18,241.85
IGIL,2026-09-18,19.99
ILP,2026-09-18,98.46
ILP-SEP,2026-09-18,98.75
IMAGE,2026-09-18,25.25
IMAGE-SEP,2026-09-18,25.4
IML,2026-09-18,24.22
IMS,2026-09-18,18.64
INDU,2026-09-18,1839.55
INIL,2026-09-18,162.18
INKL,2026-09-18,98.8
IPAK,2026-09-18,35.35
IREIT,2026-09-18,7.96
ISIL,2026-09-18,1802.4
ISL,2026-09-18,81.99
ITANZ,2026-09-18,35.28
ITTEFAQ,2026-09-18,8.0
JATM,2026-09-18,40.43
JDMT,2026-09-18,130.16
JDWS,2026-09-18,891.14
JGICL,2026-09-18,76.98
JKSM,2026-09-18,334.74
JLICL,2026-09-18,106.45
JSBL,2026-09-18,11.92
JSCL,2026-09-18,20.5
JSGBETF,2026-09-18,39.44
JSGCL,2026-09-18,141.0
JSIL,2026-09-18,36.58
JSMFETF,2026-09-18,10.44
JSML,2026-09-18,52.07
JSRR,2026-09-18,10.71
JUBS,2026-09-18,56.85
JVDC,2026-09-18,141.59
JVDC-SEP,2026-09-18,141.56
KAPCO,2026-09-18,26.51
KAPCO-SEP,2026-09-18,26.7
KCL,2026-09-18,176.71
KEL,2026-09-18,6.82
KEL-OCT,2026-09-18,6.9
KEL-SEP,2026-09-18,6.84
KHTC,2026-09-18,288.95
KHYT,2026-09-18,1922.04
KML,2026-09-18,8.39
KOHC,2026-09-18,90.31
KOHC-SEP,2026-09-18,91.31
KOHE,2026-09-18,15.64
KOHP,2026-09-18,20.97
KOHTM,2026-09-18,92.31
KOIL,2026-09-18,35.35
KOSM,2026-09-18,5.2
KOSM-OCT,2026-09-18,5.27
KOSM-SEP,2026-09-18,5.21
KPUS,2026-09-18,812.46
KSBP,2026-09-18,218.01
KSTM,2026-09-18,12.88
KTML,2026-09-18,43.0
LCI,2026-09-18,210.82
LEUL,2026-09-18,69.99
LIVEN,2026-09-18,31.25
LOADS,2026-09-18,12.84
LOADS-SEP,2026-09-18,12.96
LOTCHEM,2026-09-18,25.13
LOTCHEM-SEPB,2026-09-18,25.18
LPGL,2026-09-18,72.06
LPL,2026-09-18,19.53
LSECL,2026-09-18,6.09
LSEFSL,2026-09-18,3.76
LSEVL,2026-09-18,13.02
LUCK,2026-09-18,416.0
LUCK-OCTB,2026-09-18,423.25
LUCK-SEPB,2026-09-18,416.54
MACFL,2026-09-18,69.59
MACTER,2026-09-18,242.56
MARI,2026-09-18,650.51
MARI-OCTB,2026-09-18,640.77
MARI-SEPB,2026-09-18,633.25
MCB,2026-09-18,397.36
MCBIM,2026-09-18,161.56
MDTL,2026-09-18,8.6
MDTL-OCT,2026-09-18,8.74
MDTL-SEP,2026-09-18,8.63
MEBL,2026-09-18,552.75
MEBL-OCTB,2026-09-18,553.0
MEBL-SEPB,2026-09-18,552.0
MEHT,2026-09-18,139.23
MERIT,2026-09-18,9.64
MFFL,2026-09-18,165.52
MFL,2026-09-18,45.61
MIIETF,2026-09-18,16.09
MIRKS,2026-09-18,31.45
MLCF,2026-09-18,94.76
MLCF-OCT,2026-09-18,95.69
MLCF-SEP,2026-09-18,95.32
MQTM,2026-09-18,28.6
MRNS,2026-09-18,62.91
MSCL,2026-09-18,21.93
MSOT,2026-09-18,190.25
MTL,2026-09-18,300.49
MTL-SEP,2026-09-18,301.5
MUGHAL,2026-09-18,68.5
MUGHAL-SEP,2026-09-18,68.59
MUGHALC,2026-09-18,63.48
MUREB,2026-09-18,934.69
MWMP,2026-09-18,92.39
MZNPETF,2026-09-18,17.33
NAGC,2026-09-18,78.91
NATF,2026-09-18,350.59
NATM,2026-09-18,63.2
NBP,2026-09-18,170.55
NBP-OCT,2026-09-18,172.01
NBP-SEP,2026-09-18,171.0
NBPGETF,2026-09-18,26.67
NCL,2026-09-18,39.52
NCML,2026-09-18,16.78
NCPL,2026-09-18,58.84
NCPL-OCT,2026-09-18,59.59
NCPL-SEP,2026-09-18,58.89
NESTLE,2026-09-18,7402.19
NETSOL,2026-09-18,126.02
NEXT,2026-09-18,14.23
NICL,2026-09-18,269.22
NITGETF,2026-09-18,33.15
NML,2026-09-18,133.29
NML-OCT,2026-09-18,134.99
NML-SEP,2026-09-18,133.59
NNAR,2026-09-18,22.74
NONS,2026-09-18,80.11
NPL,2026-09-18,64.37
NPL-OCT,2026-09-18,64.72
NPL-SEP,2026-09-18,64.62
NRL,2026-09-18,518.61
NRL-SEP,2026-09-18,520.01
NRSL,2026-09-18,36.81
NSRM,2026-09-18,207.48
OBOY,2026-09-18,17.73
OCTOPUS,2026-09-18,28.26
OGDC,2026-09-18,318.06
OGDC-OCT,2026-09-18,319.0
OGDC-SEP,2026-09-18,318.69
OLPL,2026-09-18,51.0
OLPM,2026-09-18,26.5
OML,2026-09-18,85.51
ORM,2026-09-18,10.76
OTSU,2026-09-18,341.71
PABC,2026-09-18,92.62
PACE,2026-09-18,10.28
PACE-OCT,2026-09-18,10.08
PACE-SEP,2026-09-18,10.33
PAEL,2026-09-18,36.84
PAEL-OCT,2026-09-18,36.87
PAEL-SEP,2026-09-18,36.94
PAKD,2026-09-18,123.6
PAKL,2026-09-18,56.55
PAKOXY,2026-09-18,335.39
PAKQATAR,2026-09-18,16.84
PAKRI,2026-09-18,15.73
PAKT,2026-09-18,1359.93
PASL,2026-09-18,2.63
PASM,2026-09-18,9.66
PCAL,2026-09-18,144.81
PECO,2026-09-18,621.69
PGLC,2026-09-18,16.66
PIAHCLA,2026-09-18,21.32
PIAHCLA-OCT,2026-09-18,21.59
PIAHCLA-SEP,2026-09-18,21.37
PIAHCLB,2026-09-18,15925.0
PIBTL,2026-09-18,15.49
PIBTL-OCT,2026-09-18,15.66
PIBTL-SEP,2026-09-18,15.5
PICT,2026-09-18,41.06
PIL,2026-09-18,5.1
PIM,2026-09-18,54.58
PINL,2026-09-18,10.35
PIOC,2026-09-18,245.95
PIOC-SEP,2026-09-18,245.84
PKGI,2026-09-18,48.09
PKGP,2026-09-18,36.8
PKGS,2026-09-18,715.07
PMRS,2026-09-18,386.33
PNSC,2026-09-18,510.25
POL,2026-09-18,741.48
POL-SEP,2026-09-18,745.0
POML,2026-09-18,155.11
POWER,2026-09-18,22.76
POWER-OCT,2026-09-18,22.98
POWER-SEP,2026-09-18,22.75
PPL,2026-09-18,228.8
PPL-OCT,2026-09-18,230.44
PPL-SEP,2026-09-18,229.44
PPP,2026-09-18,144.15
PPVC,2026-09-18,26.72
PQGTL,2026-09-18,12.84
PREMA,2026-09-18,32.83
PREMA-SEP,2026-09-18,32.88
PRET,2026-09-18,535.29
PRL,2026-09-18,82.97
PRL-OCT,2026-09-18,84.45
PRL-SEP,2026-09-18,83.21
PRWM,2026-09-18,63.06
PSEL,2026-09-18,1293.09
PSO,2026-09-18,345.64
PSO-OCT,2026-09-18,349.27
PSO-SEP,2026-09-18,346.51
PSX,2026-09-18,45.43
PSYL,2026-09-18,143.03
PTC,2026-09-18,62.8
PTC-OCT,2026-09-18,63.65
PTC-SEP,2026-09-18,63.02
PTL,2026-09-18,50.41
QTECH,2026-09-18,38.95
QUET,2026-09-18,14.92
QUICE,2026-09-18,27.29
REDCO,2026-09-18,28.78
REWM,2026-09-18,166.64
RICL,2026-09-18,11.9
RMPL,2026-09-18,9040.0
RPL,2026-09-18,15.16
RUBY,2026-09-18,22.55
RUPL,2026-09-18,29.93
SAIF,2026-09-18,41.7
SANSM,2026-09-18,119.61
SAPT,2026-09-18,1438.85
SARC,2026-09-18,83.32
SASML,2026-09-18,353.07
SAZEW,2026-09-18,1745.2
SAZEW-OCTB,2026-09-18,1775.61
SAZEW-SEPB,2026-09-18,1747.0
SBL,2026-09-18,13.13
SCBPL,2026-09-18,60.75
SEARL,2026-09-18,79.69
SEARL-OCT,2026-09-18,80.73
SEARL-SEP,2026-09-18,79.97
SEL,2026-09-18,26.11
SELECT,2026-09-18,29.96
SEPL,2026-09-18,137.7
SERT,2026-09-18,39.1
SFL,2026-09-18,1063.89
SGF,2026-09-18,109.09
SGPL,2026-09-18,34.25
SHCM,2026-09-18,52.68
SHDT,2026-09-18,54.76
SHEZ,2026-09-18,270.0
SHFA,2026-09-18,440.39
SHJS,2026-09-18,136.4
SHNI,2026-09-18,8.01
SHSML,2026-09-18,355.12
SIBL,2026-09-18,7.03
SIEM,2026-09-18,1732.87
SINDM,2026-09-18,29.83
SITC,2026-09-18,758.71
SKRS,2026-09-18,24.39
SLGL,2026-09-18,14.07
SLGL-SEP,2026-09-18,14.11
SLM,2026-09-18,22.78
SLYT,2026-09-18,17.16
SMCPL,2026-09-18,39.98
SML,2026-09-18,97.0
SNAI,2026-09-18,33.68
SNBL,2026-09-18,19.61
SNBL-SEP,2026-09-18,19.78
SNGP,2026-09-18,91.59
SNGP-SEP,2026-09-18,91.86
SOYASUP,2026-09-18,31.28
SPAC1,2026-09-18,15.5
SPAC2,2026-09-18,13.2
SPEL,2026-09-18,42.48
SPL,2026-09-18,44.28
SPSL,2026-09-18,16.54
SPWL,2026-09-18,7.96
SRR,2026-09-18,16.74
SRVI,2026-09-18,177.08
SSGC,2026-09-18,23.88
SSGC-OCT,2026-09-18,24.2
SSGC-SEP,2026-09-18,23.93
SSML,2026-09-18,18.9
SSOM,2026-09-18,435.07
STCL,2026-09-18,9.1
STJT,2026-09-18,146.35
STL,2026-09-18,23.61
STML,2026-09-18,50.77
STPL,2026-09-18,8.31
STYLERS,2026-09-18,50.58
SURC,2026-09-18,143.7
SUTM,2026-09-18,108.36
SYM,2026-09-18,12.75
SYS,2026-09-18,121.95
SYS-OCT,2026-09-18,123.62
SYS-SEP,2026-09-18,122.19
SZTM,2026-09-18,85.0
TATM,2026-09-18,152.0
TBL,2026-09-18,9.1
TCORP,2026-09-18,19.32
TCORPCPS,2026-09-18,10.01
TELE,2026-09-18,7.73
TELE-OCT,2026-09-18,7.82
TELE-SEP,2026-09-18,7.75
TGL,2026-09-18,164.43
THALL,2026-09-18,536.7
THCCL,2026-09-18,77.67
THCCL-OCT,2026-09-18,78.45
THCCL-SEP,2026-09-18,77.87
TICL,2026-09-18,1011.15
TISL,2026-09-18,4.07
TOMCL,2026-09-18,32.62
TOMCL-OCT,2026-09-18,30.0
TOMCL-SEP,2026-09-18,32.7
TOWL,2026-09-18,135.41
TPL,2026-09-18,22.51
TPL-SEP,2026-09-18,22.54
TPLI,2026-09-18,51.01
TPLL,2026-09-18,20.0
TPLP,2026-09-18,12.81
TPLP-OCT,2026-09-18,12.75
TPLP-SEP,2026-09-18,12.91
TPLRF1,2026-09-18,9.34
TPLRF1-SEP,2026-09-18,9.44
TPLT,2026-09-18,31.18
TREET,2026-09-18,22.32
TREET-OCT,2026-09-18,22.69
TREET-SEP,2026-09-18,22.34
TRG,2026-09-18,50.69
TRG-OCT,2026-09-18,51.2
TRG-SEP,2026-09-18,50.81
TRIPF,2026-09-18,132.14
TRSM,2026-09-18,14.22
TSBL,2026-09-18,2.39
TSMF,2026-09-18,15.94
TSML,2026-09-18,503.48
TSPL,2026-09-18,13.38
UBDL,2026-09-18,27.18
UBL,2026-09-18,429.5
UBL-OCT,2026-09-18,435.0
UBL-SEPB,2026-09-18,430.45
UBLPETF,2026-09-18,28.31
UCAPM,2026-09-18,5.32
UDLI,2026-09-18,16.45
UDPL,2026-09-18,109.0
UNIC,2026-09-18,11.37
UNITY,2026-09-18,8.22
UNITY-OCT,2026-09-18,8.3
UNITY-SEP,2026-09-18,8.25
UPFL,2026-09-18,25083.44
UVIC,2026-09-18,19.2
WAFI,2026-09-18,161.87
WAHDAT,2026-09-18,14.61
WAHN,2026-09-18,262.44
WASL,2026-09-18,5.96
WAVES,2026-09-18,9.0
WAVES-OCT,2026-09-18,9.12
WAVES-SEP,2026-09-18,9.04
WAVESAPP,2026-09-18,8.4
WAVESAPP-OCTB,2026-09-18,8.5
WAVESAPP-SEPB,2026-09-18,8.4
WTL,2026-09-18,1.03
WTL-SEPB,2026-09-18,1.03
YOUW,2026-09-18,4.98
ZAHID,2026-09-18,60.17
ZAL,2026-09-18,38.92
ZIL,2026-09-18,325.57
ZTL,2026-09-18,15.79
ZUMA,2026-09-18,29.43
786,2026-09-20,22.22
AABS,2026-09-20,793.27
AATM,2026-09-20,45.39
ABL,2026-09-20,170.35
ABOT,2026-09-20,923.72
ACIETF,2026-09-20,16.57
ACPL,2026-09-20,230.0
ADAMS,2026-09-20,65.11
ADMM,2026-09-20,56.08
AGHA,2026-09-20,6.74
AGHA-OCT,2026-09-20,6.9
AGHA-SEP,2026-09-20,6.75
AGIC,2026-09-20,39.5
AGIL,2026-09-20,150.65
AGL,2026-09-20,46.51
AGP,2026-09-20,153.36
AGP-OCTB,2026-09-20,156.03
AGP-SEPB,2026-09-20,153.23
AGSML,2026-09-20,8.66
AGTL,2026-09-20,343.89
AHCL,2026-09-20,15.1
AHL,2026-09-20,115.12
AHTM,2026-09-20,89.58
AICL,2026-09-20,97.99
AICL-SEPB,2026-09-20,98.2
AIRLINK,2026-09-20,129.03
AIRLINK-OCT,2026-09-20,131.01
AIRLINK-SEP,2026-09-20,129.17
AKBL,2026-09-20,107.7
AKBL-OCT,2026-09-20,109.58
AKBL-SEPB,2026-09-20,107.99
AKDHL,2026-09-20,149.95
AKDSL,2026-09-20,34.95
AKGL,2026-09-20,56.27
ALAC,2026-09-20,24.36
ALIFE,2026-09-20,31.36
ALNRS,2026-09-20,126.56
ALTN,2026-09-20,6.53
AMBL,2026-09-20,20.0
AMTEX,2026-09-20,3.95
ANL,2026-09-20,9.14
ANSM,2026-09-20,24.49
ANTM,2026-09-20,71.0
APL,2026-09-20,574.47
ARCTM,2026-09-20,41.13
ARMG,2026-09-20,55.84
ARPAK,2026-09-20,142.96
ARPL,2026-09-20,439.8
ARUJ,2026-09-20,10.0
ASC,2026-09-20,8.26
ASHT,2026-09-20,33.27
ASL,2026-09-20,17.03
ASL-OCT,2026-09-20,17.37
ASL-SEP,2026-09-20,17.1
ASLCPS,2026-09-20,85.67
ASLPS,2026-09-20,25.5
ASTL,2026-09-20,16.98
ASTM,2026-09-20,134.26
ATBA,2026-09-20,166.87
ATIL,2026-09-20,74.85
ATLH,2026-09-20,1578.95
ATRL,2026-09-20,1095.15
ATRL-OCT,2026-09-20,1097.54
ATRL-OCTB,2026-09-20,1098.97
ATRL-SEP,2026-09-20,1098.91
AVN,2026-09-20,28.35
BAFL,2026-09-20,57.15
BAFL-OCT,2026-09-20,57.42
BAFL-SEPB,2026-09-20,57.05
BAFS,2026-09-20,459.3
BAHL,2026-09-20,154.61
BAHL-SEPB,2026-09-20,154.95
BAPL,2026-09-20,43.95
BATA,2026-09-20,853.39
BBFL,2026-09-20,40.68
BCL,2026-09-20,72.71
BECO,2026-09-20,4.44
BECO-OCT,2026-09-20,4.52
BECO-SEP,2026-09-20,4.49
BELA,2026-09-20,56.02
BERG,2026-09-20,124.79
BFAGRO,2026-09-20,30.81
BFBIO,2026-09-20,124.67
BFMOD,2026-09-20,20.93
BGL,2026-09-20,9.8
BHAT,2026-09-20,819.53
BIFO,2026-09-20,116.55
BIPL,2026-09-20,24.98
BIPL-OCTB,2026-09-20,25.42
BIPL-SEPB,2026-09-20,24.86
BLUEX,2026-09-20,6.15
BML,2026-09-20,49.7
BML-OCT,2026-09-20,50.57
BML-SEP,2026-09-20,50.05
BNL,2026-09-20,5.83
BNL-SEP,2026-09-20,5.85
BNWM,2026-09-20,65.97
BOK,2026-09-20,28.32
BOP,2026-09-20,31.19
BOP-OCTB,2026-09-20,31.56
BOP-SEPB,2026-09-20,31.28
BPL,2026-09-20,53.06
BRRG,2026-09-20,43.13
BTL,2026-09-20,845.45
BUXL,2026-09-20,631.32
BWCL,2026-09-20,440.02
BWHL,2026-09-20,221.57
CCM,2026-09-20,42.49
CENI,2026-09-20,64.77
CEPB,2026-09-20,26.55
CFL,2026-09-20,59.4
CHAS,2026-09-20,85.05
CHBL,2026-09-20,10.69
CHCC,2026-09-20,273.54
CHCC-SEP,2026-09-20,275.77
CJPL,2026-09-20,17.24
CLCPS,2026-09-20,3.59
CLOV,2026-09-20,6.42
CLVL,2026-09-20,38.38
CNERGY,2026-09-20,12.92
CNERGY-OCT,2026-09-20,13.1
CNERGY-SEP,2026-09-20,12.95
COLG,2026-09-20,1127.3
CPHL,2026-09-20,75.38
CPHL-OCT,2026-09-20,76.68
CPHL-SEP,2026-09-20,75.41
CPPL,2026-09-20,101.72
CRTM,2026-09-20,63.0
CSAP,2026-09-20,91.5
CSIL,2026-09-20,5.67
CSIL-NOV,2026-09-20,6.1
CSIL-OCT,2026-09-20,5.75
CSIL-SEP,2026-09-20,5.74
CTM,2026-09-20,6.45
DAAG,2026-09-20,86.63
DADX,2026-09-20,111.36
DBCI,2026-09-20,10.66
DCL,2026-09-20,9.79
DCL-OCT,2026-09-20,9.9
DCL-SEP,2026-09-20,9.8
DCR,2026-09-20,39.81
DEL,2026-09-20,17.91
DFML,2026-09-20,15.52
DFSM,2026-09-20,11.89
DGKC,2026-09-20,196.08
DGKC-OCT,2026-09-20,196.0
DGKC-SEP,2026-09-20,196.66
DIIL,2026-09-20,76.22
DINT,2026-09-20,59.71
DLL,2026-09-20,47.0
DMC,2026-09-20,143.05
DNCC,2026-09-20,16.02
DOL,2026-09-20,30.09
DSIL,2026-09-20,9.75
DSL,2026-09-20,4.43
DWAE,2026-09-20,20.8
DWSM,2026-09-20,5.93
DWTM,2026-09-20,9.52
DYNO,2026-09-20,331.18
ECOP,2026-09-20,51.09
EFERT,2026-09-20,188.22
EFERT-SEPB,2026-09-20,189.0
EFUG,2026-09-20,124.81
EFUL,2026-09-20,158.79
ELCM,2026-09-20,307.46
EMCO,2026-09-20,37.03
ENGROH,2026-09-20,263.02
ENGROH-OCT,2026-09-20,267.6
ENGROH-SEP,2026-09-20,263.48
EPCL,2026-09-20,34.21
EPCL-OCT,2026-09-20,34.81
EPCL-SEP,2026-09-20,34.13
EPCLPS,2026-09-20,13.6
EPQL,2026-09-20,23.93
ESBL,2026-09-20,8.94
EWIC,2026-09-20,54.58
EXIDE,2026-09-20,431.67
FABL,2026-09-20,94.2
FANM,2026-09-20,9.5
FASM,2026-09-20,300.01
FATIMA,2026-09-20,147.28
FATIMA-SEP,2026-09-20,148.05
FCCL,2026-09-20,52.85
FCCL-OCTB,2026-09-20,50.44
FCCL-SEPB,2026-09-20,52.97
FCEL,2026-09-20,5.36
FCEPL,2026-09-20,139.86
FCIBL,2026-09-20,34.56
FCL,2026-09-20,27.04
FCL-OCT,2026-09-20,27.1
FCL-OCTB,2026-09-20,25.99
FCL-SEP,2026-09-20,27.14
FCSC,2026-09-20,5.59
FDPL,2026-09-20,4.66
FDPL-OCT,2026-09-20,4.74
FDPL-SEP,2026-09-20,4.66
FECM,2026-09-20,21.4
FECTC,2026-09-20,95.29
FEM,2026-09-20,10.97
FEROZ,2026-09-20,349.95
FFC,2026-09-20,539.03
FFC-OCT,2026-09-20,548.42
FFC-SEPB,2026-09-20,541.02
FFL,2026-09-20,14.78
FFL-OCT,2026-09-20,15.01
FFL-SEP,2026-09-20,14.84
FFLM,2026-09-20,11.22
FHAM,2026-09-20,31.0
FIBLM,2026-09-20,15.54
FIL,2026-09-20,260.46
FLYNG,2026-09-20,36.42
FML,2026-09-20,48.08
FNEL,2026-09-20,1.1
FPJM,2026-09-20,24.74
FPRM,2026-09-20,12.95
FRCL,2026-09-20,79.1
FRSM,2026-09-20,43.12
FSWL,2026-09-20,145.9
FTMM,2026-09-20,20.14
FTSM,2026-09-20,40.58
FZCM,2026-09-20,257.91
GADT,2026-09-20,295.56
GAL,2026-09-20,543.38
GAL-OCT,2026-09-20,549.0
GAL-OCTB,2026-09-20,540.64
GAL-SEP,2026-09-20,545.25
GAMON,2026-09-20,19.14
GATI,2026-09-20,86.85
GATM,2026-09-20,22.87
GATM-OCT,2026-09-20,23.44
GATM-SEP,2026-09-20,22.81
GCIL,2026-09-20,32.99
GCIL-OCT,2026-09-20,33.56
GCIL-SEP,2026-09-20,33.16
GCWL,2026-09-20,14.52
GDL,2026-09-20,17.75
GEMMEL,2026-09-20,43.21
GEMPACRA,2026-09-20,32.25
GFIL,2026-09-20,26.09
GGGL,2026-09-20,7.96
GGL,2026-09-20,20.38
GGL-OCT,2026-09-20,20.57
GGL-SEP,2026-09-20,20.39
GHGL,2026-09-20,40.08
GHNI,2026-09-20,1081.24
GHNI-OCT,2026-09-20,1083.6
GHNI-SEP,2026-09-20,1084.33
GLAXO,2026-09-20,320.99
GLAXO-SEPB,2026-09-20,321.91
GOC,2026-09-20,164.99
GRR,2026-09-20,22.34
GRYL,2026-09-20,22.56
GSPM,2026-09-20,6.99
GTYR,2026-09-20,24.99
GUSM,2026-09-20,8.93
GVGL,2026-09-20,54.65
GWLC,2026-09-20,50.96
HABSM,2026-09-20,79.99
HAEL,2026-09-20,22.49
HAFL,2026-09-20,430.06
HALEON,2026-09-20,699.99
HASCOL,2026-09-20,20.18
HBL,2026-09-20,303.04
HBL-OCTB,2026-09-20,308.32
HBL-SEPB,2026-09-20,303.52
HBLTETF,2026-09-20,106.0
HCAR,2026-09-20,222.54
HGFA,2026-09-20,13.6
HICL,2026-09-20,8.06
HIFA,2026-09-20,4.74
HINO,2026-09-20,325.91
HINOON,2026-09-20,928.3
HIRAT,2026-09-20,5.24
HMB,2026-09-20,98.4
HPL,2026-09-20,3927.91
HRPL,2026-09-20,20.98
HTL,2026-09-20,39.45
HUBC,2026-09-20,203.8
HUBC-OCT,2026-09-20,206.0
HUBC-OCTB,2026-09-20,202.26
HUBC-SEP,2026-09-20,204.33
HUMNL,2026-09-20,9.93
HUMNL-OCT,2026-09-20,10.05
HUMNL-SEP,2026-09-20,10.03
HUSI,2026-09-20,50.39
HWQS,2026-09-20,18.81
IBFL,2026-09-20,285.06
IBLHL,2026-09-20,43.68
ICCI,2026-09-20,13.68
ICIBL,2026-09-20,17.29
ICL,2026-09-20,129.95
IDEAL,2026-09-20,41.88
IDRT,2026-09-20,32.94
IDYM,2026-09-20,132.87
IGIHL,2026-09-20,241.85
IGIL,2026-09-20,19.99
ILP,2026-09-20,98.46
ILP-OCT,2026-09-20,98.67
ILP-SEP,2026-09-20,98.75
IMAGE,2026-09-20,25.25
IMAGE-OCT,2026-09-20,25.69
IMAGE-SEP,2026-09-20,25.4
IML,2026-09-20,24.22
IMS,2026-09-20,18.64
INDU,2026-09-20,1792.55
INIL,2026-09-20,162.18
INKL,2026-09-20,98.8
IPAK,2026-09-20,35.35
IREIT,2026-09-20,7.96
ISIL,2026-09-20,1802.4
ISL,2026-09-20,81.99
ITANZ,2026-09-20,35.28
ITTEFAQ,2026-09-20,8.0
JATM,2026-09-20,40.43
JDMT,2026-09-20,130.16
JDWS,2026-09-20,891.14
JGICL,2026-09-20,76.98
JKSM,2026-09-20,334.74
JLICL,2026-09-20,106.45
JSBL,2026-09-20,11.92
JSCL,2026-09-20,20.5
JSGBETF,2026-09-20,39.44
JSGCL,2026-09-20,141.0
JSIL,2026-09-20,36.58
JSMFETF,2026-09-20,10.44
JSML,2026-09-20,52.07
JSRR,2026-09-20,10.71
JUBS,2026-09-20,56.85
JVDC,2026-09-20,141.59
JVDC-OCT,2026-09-20,141.9
JVDC-SEP,2026-09-20,141.56
JVDCPS,2026-09-20,52.28
KAPCO,2026-09-20,26.51
KAPCO-SEP,2026-09-20,26.7
KCL,2026-09-20,176.71
KEL,2026-09-20,6.82
KEL-OCT,2026-09-20,6.9
KEL-SEP,2026-09-20,6.84
KHTC,2026-09-20,288.95
KHYT,2026-09-20,1922.04
KML,2026-09-20,8.39
KOHC,2026-09-20,90.31
KOHC-OCT,2026-09-20,91.88
KOHC-SEP,2026-09-20,91.31
KOHE,2026-09-20,15.64
KOHP,2026-09-20,20.97
KOHTM,2026-09-20,92.31
KOIL,2026-09-20,35.35
KOSM,2026-09-20,5.2
KOSM-OCT,2026-09-20,5.27
KOSM-SEP,2026-09-20,5.21
KPUS,2026-09-20,812.46
KSBP,2026-09-20,218.01
KSTM,2026-09-20,12.88
KTML,2026-09-20,43.0
LCI,2026-09-20,210.82
LEUL,2026-09-20,69.99
LIVEN,2026-09-20,31.25
LOADS,2026-09-20,12.84
LOADS-SEP,2026-09-20,12.96
LOTCHEM,2026-09-20,25.13
LOTCHEM-OCT,2026-09-20,25.57
LOTCHEM-SEPB,2026-09-20,25.18
LPGL,2026-09-20,72.06
LPL,2026-09-20,19.53
LSECL,2026-09-20,6.09
LSEFSL,2026-09-20,3.76
LSEVL,2026-09-20,13.02
LUCK,2026-09-20,416.0
LUCK-OCTB,2026-09-20,423.25
LUCK-SEPB,2026-09-20,416.54
MACFL,2026-09-20,69.59
MACTER,2026-09-20,242.56
MARI,2026-09-20,631.81
MARI-OCTB,2026-09-20,640.77
MARI-SEPB,2026-09-20,633.25
MCB,2026-09-20,397.36
MCB-SEPB,2026-09-20,398.23
MCBIM,2026-09-20,161.56
MDTL,2026-09-20,8.6
MDTL-OCT,2026-09-20,8.74
MDTL-SEP,2026-09-20,8.63
MEBL,2026-09-20,552.75
MEBL-SEPB,2026-09-20,552.0
MEHT,2026-09-20,139.23
MERIT,2026-09-20,9.64
MFFL,2026-09-20,165.52
MFL,2026-09-20,45.61
MIIETF,2026-09-20,16.09
MIRKS,2026-09-20,31.45
MLCF,2026-09-20,94.76
MLCF-OCT,2026-09-20,95.69
MLCF-SEP,2026-09-20,95.32
MQTM,2026-09-20,28.6
MRNS,2026-09-20,62.91
MSCL,2026-09-20,21.93
MSOT,2026-09-20,190.25
MTL,2026-09-20,300.49
MTL-OCT,2026-09-20,305.73
MTL-SEP,2026-09-20,301.5
MUGHAL,2026-09-20,68.5
MUGHAL-OCT,2026-09-20,69.69
MUGHAL-SEP,2026-09-20,68.59
MUGHALC,2026-09-20,63.48
MUREB,2026-09-20,934.69
MWMP,2026-09-20,92.39
MZNPETF,2026-09-20,17.33
NATF,2026-09-20,350.59
NATM,2026-09-20,63.2
NBP,2026-09-20,170.55
NBP-OCT,2026-09-20,172.01
NBP-SEP,2026-09-20,171.0
NBPGETF,2026-09-20,26.67
NCL,2026-09-20,39.52
NCML,2026-09-20,16.78
NCPL,2026-09-20,58.84
NCPL-OCT,2026-09-20,59.59
NCPL-SEP,2026-09-20,58.89
NESTLE,2026-09-20,7402.19
NETSOL,2026-09-20,126.02
NEXT,2026-09-20,14.23
NICL,2026-09-20,269.22
NITGETF,2026-09-20,33.15
NML,2026-09-20,133.29
NML-OCT,2026-09-20,134.99
NML-SEP,2026-09-20,133.59
NNAR,2026-09-20,22.74
NONS,2026-09-20,80.11
NPL,2026-09-20,64.37
NPL-OCT,2026-09-20,64.72
NPL-SEP,2026-09-20,64.62
NRL,2026-09-20,518.61
NRL-OCT,2026-09-20,527.65
NRL-SEP,2026-09-20,520.01
NRSL,2026-09-20,36.81
NSRM,2026-09-20,207.48
OBOY,2026-09-20,17.73
OCTOPUS,2026-09-20,28.26
OGDC,2026-09-20,318.06
OGDC-OCT,2026-09-20,319.0
OGDC-OCTB,2026-09-20,317.5
OGDC-SEP,2026-09-20,318.69
OLPL,2026-09-20,51.0
OLPM,2026-09-20,26.5
OML,2026-09-20,85.51
ORM,2026-09-20,10.76
OTSU,2026-09-20,341.71
PABC,2026-09-20,92.62
PACE,2026-09-20,10.28
PACE-OCT,2026-09-20,10.08
PACE-SEP,2026-09-20,10.33
PAEL,2026-09-20,36.84
PAEL-OCT,2026-09-20,36.87
PAEL-SEP,2026-09-20,36.94
PAKD,2026-09-20,123.6
PAKL,2026-09-20,56.55
PAKOXY,2026-09-20,335.39
PAKQATAR,2026-09-20,16.84
PAKRI,2026-09-20,15.73
PAKT,2026-09-20,1359.93
PASL,2026-09-20,2.63
PASM,2026-09-20,9.66
PCAL,2026-09-20,144.81
PECO,2026-09-20,621.69
PGLC,2026-09-20,16.66
PIAHCLA,2026-09-20,21.32
PIAHCLA-OCT,2026-09-20,21.59
PIAHCLA-SEP,2026-09-20,21.37
PIAHCLB,2026-09-20,15925.0
PIBTL,2026-09-20,15.49
PIBTL-OCT,2026-09-20,15.66
PIBTL-SEP,2026-09-20,15.5
PICT,2026-09-20,41.06
PIL,2026-09-20,5.1
PIM,2026-09-20,54.58
PINL,2026-09-20,10.35
PIOC,2026-09-20,245.95
PIOC-OCT,2026-09-20,250.24
PIOC-SEP,2026-09-20,245.84
PKGI,2026-09-20,48.09
PKGP,2026-09-20,36.8
PKGS,2026-09-20,715.07
PMRS,2026-09-20,386.33
PNSC,2026-09-20,510.25
POL,2026-09-20,741.48
POL-OCT,2026-09-20,743.1
POL-SEP,2026-09-20,745.0
POML,2026-09-20,155.11
POWER,2026-09-20,22.76
POWER-SEP,2026-09-20,22.75
POWERPS,2026-09-20,26.25
PPL,2026-09-20,228.8
PPL-OCT,2026-09-20,230.44
PPL-SEP,2026-09-20,229.44
PPP,2026-09-20,144.15
PPVC,2026-09-20,26.72
PQGTL,2026-09-20,12.84
PREMA,2026-09-20,32.83
PREMA-OCT,2026-09-20,33.4
PREMA-SEP,2026-09-20,32.88
PRET,2026-09-20,535.29
PRL,2026-09-20,82.97
PRL-OCT,2026-09-20,84.45
PRL-SEP,2026-09-20,83.21
PRWM,2026-09-20,63.06
PSEL,2026-09-20,1293.09
PSO,2026-09-20,345.64
PSO-OCT,2026-09-20,349.27
PSO-SEP,2026-09-20,346.51
PSX,2026-09-20,45.43
PSYL,2026-09-20,143.03
PTC,2026-09-20,62.8
PTC-OCT,2026-09-20,63.65
PTC-SEP,2026-09-20,63.02
PTL,2026-09-20,50.41
QTECH,2026-09-20,38.95
QUET,2026-09-20,14.92
QUICE,2026-09-20,27.29
REDCO,2026-09-20,28.78
REWM,2026-09-20,166.64
RICL,2026-09-20,11.9
RMPL,2026-09-20,9040.0
RPL,2026-09-20,15.16
RUBY,2026-09-20,22.55
RUPL,2026-09-20,29.93
SAIF,2026-09-20,41.7
SANSM,2026-09-20,119.61
SAPT,2026-09-20,1438.85
SARC,2026-09-20,83.32
SASML,2026-09-20,353.07
SAZEW,2026-09-20,1745.2
SAZEW-OCTB,2026-09-20,1775.61
SAZEW-SEPB,2026-09-20,1747.0
SBL,2026-09-20,13.13
SCBPL,2026-09-20,60.75
SEARL,2026-09-20,79.69
SEARL-OCT,2026-09-20,80.73
SEARL-SEP,2026-09-20,79.97
SEL,2026-09-20,26.11
SELECT,2026-09-20,29.96
SEPL,2026-09-20,137.7
SERT,2026-09-20,39.1
SFL,2026-09-20,1063.89
SGF,2026-09-20,109.09
SGPL,2026-09-20,34.25
SHCM,2026-09-20,52.68
SHDT,2026-09-20,54.76
SHEZ,2026-09-20,270.0
SHFA,2026-09-20,440.39
SHJS,2026-09-20,136.4
SHNI,2026-09-20,8.01
SHSML,2026-09-20,355.12
SIBL,2026-09-20,7.03
SIEM,2026-09-20,1732.87
SINDM,2026-09-20,29.83
SITC,2026-09-20,758.71
SKRS,2026-09-20,24.39
SLGL,2026-09-20,14.07
SLGL-OCT,2026-09-20,14.32
SLGL-SEP,2026-09-20,14.11
SLM,2026-09-20,22.78
SLYT,2026-09-20,17.16
SMCPL,2026-09-20,39.98
SML,2026-09-20,97.0
SNAI,2026-09-20,33.68
SNBL,2026-09-20,19.61
SNBL-OCT,2026-09-20,19.95
SNBL-SEP,2026-09-20,19.78
SNGP,2026-09-20,91.59
SNGP-OCT,2026-09-20,93.19
SNGP-SEP,2026-09-20,91.86
SOYASUP,2026-09-20,31.28
SPAC1,2026-09-20,15.5
SPAC2,2026-09-20,13.2
SPEL,2026-09-20,42.48
SPL,2026-09-20,44.28
SPSL,2026-09-20,16.54
SPWL,2026-09-20,7.96
SRR,2026-09-20,16.74
SRVI,2026-09-20,177.08
SSGC,2026-09-20,23.88
SSGC-OCT,2026-09-20,24.2
SSGC-SEP,2026-09-20,23.93
SSML,2026-09-20,18.9
SSOM,2026-09-20,435.07
STCL,2026-09-20,9.1
STJT,2026-09-20,146.35
STL,2026-09-20,23.61
STML,2026-09-20,50.77
STPL,2026-09-20,8.31
STYLERS,2026-09-20,50.58
SUHJ,2026-09-20,169.14
SURC,2026-09-20,143.7
SUTM,2026-09-20,108.36
SYM,2026-09-20,12.75
SYS,2026-09-20,121.95
SYS-OCT,2026-09-20,123.62
SYS-SEP,2026-09-20,122.19
SZTM,2026-09-20,85.0
TATM,2026-09-20,152.0
TBL,2026-09-20,9.1
TCORP,2026-09-20,19.32
TCORPCPS,2026-09-20,10.01
TELE,2026-09-20,7.73
TELE-OCT,2026-09-20,7.82
TELE-SEP,2026-09-20,7.75
TGL,2026-09-20,164.43
THALL,2026-09-20,536.7
THCCL,2026-09-20,77.67
THCCL-OCT,2026-09-20,78.45
THCCL-SEP,2026-09-20,77.87
TICL,2026-09-20,1011.15
TISL,2026-09-20,4.07
TOMCL,2026-09-20,32.62
TOMCL-OCT,2026-09-20,30.0
TOMCL-SEP,2026-09-20,32.7
TOWL,2026-09-20,135.41
TPL,2026-09-20,22.51
TPL-OCT,2026-09-20,22.9
TPL-SEP,2026-09-20,22.54
TPLI,2026-09-20,51.01
TPLL,2026-09-20,20.0
TPLP,2026-09-20,12.81
TPLP-NOV,2026-09-20,13.19
TPLP-OCT,2026-09-20,12.75
TPLP-SEP,2026-09-20,12.91
TPLRF1,2026-09-20,9.34
TPLRF1-OCT,2026-09-20,9.5
TPLRF1-SEP,2026-09-20,9.44
TPLT,2026-09-20,31.18
TREET,2026-09-20,22.32
TREET-OCT,2026-09-20,22.69
TREET-SEP,2026-09-20,22.34
TRG,2026-09-20,50.69
TRG-OCT,2026-09-20,51.2
TRG-SEP,2026-09-20,50.81
TRIPF,2026-09-20,132.14
TRSM,2026-09-20,14.22
TSBL,2026-09-20,2.39
TSMF,2026-09-20,15.94
TSML,2026-09-20,503.48
TSPL,2026-09-20,13.38
UBDL,2026-09-20,27.18
UBL,2026-09-20,429.5
UBL-OCT,2026-09-20,435.0
UBL-SEPB,2026-09-20,430.45
UBLPETF,2026-09-20,28.31
UCAPM,2026-09-20,5.32
UDLI,2026-09-20,16.45
UDPL,2026-09-20,109.0
UNIC,2026-09-20,11.37
UNITY,2026-09-20,8.22
UNITY-OCT,2026-09-20,8.3
UNITY-SEP,2026-09-20,8.25
UPFL,2026-09-20,25083.44
UVIC,2026-09-20,19.2
WAFI,2026-09-20,161.87
WAHDAT,2026-09-20,14.61
WAHN,2026-09-20,262.44
WASL,2026-09-20,5.96
WAVES,2026-09-20,9.0
WAVES-OCT,2026-09-20,9.12
WAVES-SEP,2026-09-20,9.04
WAVESAPP,2026-09-20,8.4
WAVESAPP-OCTB,2026-09-20,8.5
WAVESAPP-SEPB,2026-09-20,8.4
WTL,2026-09-20,1.03
WTL-OCT,2026-09-20,1.05
WTL-SEPB,2026-09-20,1.03
YOUW,2026-09-20,4.98
ZAHID,2026-09-20,60.17
ZAL,2026-09-20,38.92
ZIL,2026-09-20,325.57
ZTL,2026-09-20,15.79
ZUMA,2026-09-20,29.43
786,2026-09-21,21.04
AABS,2026-09-21,798.73
AATM,2026-09-21,43.5
ABL,2026-09-21,170.48
ABOT,2026-09-21,928.66
ACIETF,2026-09-21,16.41
ACPL,2026-09-21,228.14
ADAMS,2026-09-21,66.62
ADMM,2026-09-21,55.24
AGHA,2026-09-21,6.86
AGHA-OCT,2026-09-21,6.95
AGHA-SEP,2026-09-21,6.88
AGIC,2026-09-21,39.23
AGIL,2026-09-21,147.86
AGL,2026-09-21,46.03
AGP,2026-09-21,153.0
AGP-OCTB,2026-09-21,155.6
AGP-SEPB,2026-09-21,153.7
AGSML,2026-09-21,8.75
AGTL,2026-09-21,343.73
AHCL,2026-09-21,15.1
AHL,2026-09-21,114.96
AHTM,2026-09-21,89.58
AICL,2026-09-21,97.94
AICL-SEPB,2026-09-21,99.93
AIRLINK,2026-09-21,126.95
AIRLINK-OCT,2026-09-21,128.35
AIRLINK-SEP,2026-09-21,126.54
AKBL,2026-09-21,107.41
AKBL-OCT,2026-09-21,109.0
AKBL-SEPB,2026-09-21,107.96
AKDHL,2026-09-21,146.97
AKDSL,2026-09-21,35.65
AKGL,2026-09-21,57.35
ALAC,2026-09-21,24.24
ALIFE,2026-09-21,30.55
ALNRS,2026-09-21,125.6
ALTN,2026-09-21,6.6
AMBL,2026-09-21,19.97
AMTEX,2026-09-21,4.06
ANL,2026-09-21,9.18
ANSM,2026-09-21,26.9
ANTM,2026-09-21,70.67
APL,2026-09-21,577.85
ARCTM,2026-09-21,45.24
ARMG,2026-09-21,51.98
ARPAK,2026-09-21,142.96
ARPL,2026-09-21,444.9
ARUJ,2026-09-21,9.68
ASC,2026-09-21,8.72
ASHT,2026-09-21,36.6
ASL,2026-09-21,16.86
ASL-OCT,2026-09-21,17.01
ASL-SEP,2026-09-21,16.86
ASLCPS,2026-09-21,85.66
ASLPS,2026-09-21,25.92
ASTL,2026-09-21,17.56
ASTM,2026-09-21,130.74
ATBA,2026-09-21,163.96
ATIL,2026-09-21,74.14
ATLH,2026-09-21,1579.1
ATRL,2026-09-21,1130.66
ATRL-OCT,2026-09-21,1125.33
ATRL-OCTB,2026-09-21,1119.69
ATRL-SEP,2026-09-21,1127.67
AVN,2026-09-21,28.48
BAFL,2026-09-21,57.42
BAFL-OCT,2026-09-21,58.0
BAFL-SEPB,2026-09-21,57.3
BAFS,2026-09-21,449.18
BAHL,2026-09-21,154.62
BAHL-SEPB,2026-09-21,154.8
BAPL,2026-09-21,46.74
BATA,2026-09-21,860.14
BBFL,2026-09-21,41.02
BCL,2026-09-21,73.89
BECO,2026-09-21,4.4
BECO-OCT,2026-09-21,4.45
BECO-SEP,2026-09-21,4.4
BELA,2026-09-21,60.39
BERG,2026-09-21,124.04
BFAGRO,2026-09-21,30.58
BFBIO,2026-09-21,124.5
BFMOD,2026-09-21,20.62
BGL,2026-09-21,10.01
BHAT,2026-09-21,819.53
BIFO,2026-09-21,114.8
BIPL,2026-09-21,24.93
BIPL-OCTB,2026-09-21,24.99
BIPL-SEPB,2026-09-21,25.0
BLUEX,2026-09-21,6.15
BML,2026-09-21,54.67
BML-OCT,2026-09-21,55.6
BML-SEP,2026-09-21,55.06
BNL,2026-09-21,5.84
BNL-SEP,2026-09-21,5.84
BNWM,2026-09-21,65.67
BOK,2026-09-21,27.25
BOP,2026-09-21,30.97
BOP-OCTB,2026-09-21,31.34
BOP-SEPB,2026-09-21,31.02
BPL,2026-09-21,58.37
BRRG,2026-09-21,42.71
BTL,2026-09-21,845.45
BUXL,2026-09-21,688.29
BWCL,2026-09-21,445.07
BWHL,2026-09-21,218.07
CCM,2026-09-21,42.49
CENI,2026-09-21,64.25
CEPB,2026-09-21,26.63
CFL,2026-09-21,59.4
CHAS,2026-09-21,83.03
CHBL,2026-09-21,10.14
CHCC,2026-09-21,277.25
CHCC-SEP,2026-09-21,276.5
CJPL,2026-09-21,17.44
CLCPS,2026-09-21,3.47
CLOV,2026-09-21,6.34
CLVL,2026-09-21,42.22
CNERGY,2026-09-21,13.21
CNERGY-OCT,2026-09-21,13.37
CNERGY-SEP,2026-09-21,13.23
COLG,2026-09-21,1133.13
CPHL,2026-09-21,75.98
CPHL-OCT,2026-09-21,76.65
CPHL-SEP,2026-09-21,76.0
CPPL,2026-09-21,102.34
CRTM,2026-09-21,63.89
CSAP,2026-09-21,91.61
CSIL,2026-09-21,5.72
CSIL-NOV,2026-09-21,6.0
CSIL-OCT,2026-09-21,5.85
CSIL-SEP,2026-09-21,5.8
CTM,2026-09-21,6.63
DAAG,2026-09-21,85.12
DADX,2026-09-21,106.21
DBCI,2026-09-21,10.84
DCL,2026-09-21,9.73
DCL-OCT,2026-09-21,9.85
DCL-SEP,2026-09-21,9.77
DCR,2026-09-21,39.7
DEL,2026-09-21,17.9
DFML,2026-09-21,15.83
DFSM,2026-09-21,13.08
DGKC,2026-09-21,196.27
DGKC-OCT,2026-09-21,198.41
DGKC-SEP,2026-09-21,196.64
DIIL,2026-09-21,74.65
DINT,2026-09-21,65.56
DLL,2026-09-21,47.0
DMC,2026-09-21,157.36
DNCC,2026-09-21,16.51
DOL,2026-09-21,30.37
DSIL,2026-09-21,9.52
DSL,2026-09-21,4.43
DWAE,2026-09-21,21.09
DWSM,2026-09-21,6.62
DWTM,2026-09-21,9.29
DYNO,2026-09-21,330.89
ECOP,2026-09-21,49.21
EFERT,2026-09-21,189.85
EFERT-SEPB,2026-09-21,189.0
EFUG,2026-09-21,126.01
EFUL,2026-09-21,158.0
ELCM,2026-09-21,338.21
EMCO,2026-09-21,36.98
ENGROH,2026-09-21,263.33
ENGROH-OCT,2026-09-21,267.0
ENGROH-SEP,2026-09-21,264.75
EPCL,2026-09-21,34.58
EPCL-OCT,2026-09-21,34.5
EPCL-SEP,2026-09-21,34.55
EPCLPS,2026-09-21,13.6
EPQL,2026-09-21,23.9
ESBL,2026-09-21,9.29
EWIC,2026-09-21,60.04
EXIDE,2026-09-21,430.07
FABL,2026-09-21,94.32
FANM,2026-09-21,9.53
FASM,2026-09-21,300.01
FATIMA,2026-09-21,148.76
FATIMA-SEP,2026-09-21,149.0
FCCL,2026-09-21,52.96
FCCL-OCTB,2026-09-21,53.59
FCCL-SEPB,2026-09-21,53.01
FCEL,2026-09-21,5.4
FCEPL,2026-09-21,136.9
FCIBL,2026-09-21,32.67
FCL,2026-09-21,27.45
FCL-OCT,2026-09-21,27.5
FCL-OCTB,2026-09-21,26.45
FCL-SEP,2026-09-21,27.5
FCSC,2026-09-21,6.0
FDPL,2026-09-21,4.77
FDPL-OCT,2026-09-21,4.8
FDPL-SEP,2026-09-21,4.76
FECM,2026-09-21,19.6
FECTC,2026-09-21,95.61
FEM,2026-09-21,11.04
FEROZ,2026-09-21,349.74
FFC,2026-09-21,540.51
FFC-OCT,2026-09-21,546.6
FFC-SEPB,2026-09-21,541.0
FFL,2026-09-21,14.72
FFL-OCT,2026-09-21,14.9
FFL-SEP,2026-09-21,14.77
FFLM,2026-09-21,11.24
FHAM,2026-09-21,31.0
FIBLM,2026-09-21,15.76
FIL,2026-09-21,260.46
FLYNG,2026-09-21,35.2
FML,2026-09-21,48.0
FNEL,2026-09-21,1.26
FPJM,2026-09-21,27.21
FPRM,2026-09-21,12.33
FRCL,2026-09-21,79.1
FRSM,2026-09-21,42.01
FSWL,2026-09-21,150.58
FTMM,2026-09-21,20.02
FTSM,2026-09-21,44.0
FZCM,2026-09-21,257.91
GADT,2026-09-21,295.28
GAL,2026-09-21,537.34
GAL-OCT,2026-09-21,540.0
GAL-OCTB,2026-09-21,533.0
GAL-SEP,2026-09-21,537.66
GAMON,2026-09-21,19.41
GATI,2026-09-21,90.32
GATM,2026-09-21,22.91
GATM-OCT,2026-09-21,23.25
GATM-SEP,2026-09-21,23.0
GCIL,2026-09-21,32.88
GCIL-OCT,2026-09-21,33.0
GCIL-SEP,2026-09-21,33.15
GCWL,2026-09-21,14.43
GDL,2026-09-21,17.68
GEMMEL,2026-09-21,43.21
GEMPACRA,2026-09-21,33.48
GFIL,2026-09-21,26.54
GGGL,2026-09-21,7.75
GGL,2026-09-21,19.98
GGL-OCT,2026-09-21,20.22
GGL-SEP,2026-09-21,20.09
GHGL,2026-09-21,40.18
GHNI,2026-09-21,1075.58
GHNI-OCT,2026-09-21,1085.0
GHNI-SEP,2026-09-21,1075.69
GLAXO,2026-09-21,322.61
GLAXO-SEPB,2026-09-21,318.5
GOC,2026-09-21,164.85
GRR,2026-09-21,22.61
GRYL,2026-09-21,21.38
GSPM,2026-09-21,6.9
GTYR,2026-09-21,25.05
GUSM,2026-09-21,8.77
GVGL,2026-09-21,54.6
GWLC,2026-09-21,50.14
HABSM,2026-09-21,78.57
HAEL,2026-09-21,23.09
HAFL,2026-09-21,430.06
HALEON,2026-09-21,696.7
HASCOL,2026-09-21,20.04
HBL,2026-09-21,303.93
HBL-OCTB,2026-09-21,308.49
HBL-SEPB,2026-09-21,304.46
HBLTETF,2026-09-21,106.12
HCAR,2026-09-21,223.61
HGFA,2026-09-21,13.7
HICL,2026-09-21,8.08
HIFA,2026-09-21,4.85
HINO,2026-09-21,322.82
HINOON,2026-09-21,938.51
HIRAT,2026-09-21,5.5
HMB,2026-09-21,98.99
HPL,2026-09-21,3937.39
HRPL,2026-09-21,20.75
HTL,2026-09-21,39.45
HUBC,2026-09-21,203.52
HUBC-OCT,2026-09-21,205.15
HUBC-OCTB,2026-09-21,201.69
HUBC-SEP,2026-09-21,204.2
HUMNL,2026-09-21,9.93
HUMNL-OCT,2026-09-21,10.09
HUMNL-SEP,2026-09-21,9.93
HUSI,2026-09-21,52.35
HWQS,2026-09-21,18.81
IBFL,2026-09-21,273.86
IBLHL,2026-09-21,43.65
ICCI,2026-09-21,14.08
ICIBL,2026-09-21,17.23
ICL,2026-09-21,128.77
IDEAL,2026-09-21,42.22
IDRT,2026-09-21,34.57
IDYM,2026-09-21,134.89
IGIHL,2026-09-21,242.55
IGIL,2026-09-21,19.99
ILP,2026-09-21,100.0
ILP-OCT,2026-09-21,100.0
ILP-SEP,2026-09-21,99.5
IMAGE,2026-09-21,25.66
IMAGE-OCT,2026-09-21,25.85
IMAGE-SEP,2026-09-21,25.77
IML,2026-09-21,24.22
IMS,2026-09-21,18.17
INDU,2026-09-21,1794.8
INIL,2026-09-21,163.34
INKL,2026-09-21,96.21
IPAK,2026-09-21,35.46
IREIT,2026-09-21,7.92
ISIL,2026-09-21,1822.61
ISL,2026-09-21,81.09
ITANZ,2026-09-21,33.95
ITTEFAQ,2026-09-21,8.03
JATM,2026-09-21,40.77
JDMT,2026-09-21,129.26
JDWS,2026-09-21,904.0
JGICL,2026-09-21,76.77
JKSM,2026-09-21,312.33
JLICL,2026-09-21,106.92
JSBL,2026-09-21,11.98
JSCL,2026-09-21,20.5
JSGBETF,2026-09-21,39.2
JSGCL,2026-09-21,142.25
JSIL,2026-09-21,38.31
JSMFETF,2026-09-21,10.52
JSML,2026-09-21,53.39
JSRR,2026-09-21,10.78
JUBS,2026-09-21,55.23
JVDC,2026-09-21,144.65
JVDC-OCT,2026-09-21,145.99
JVDC-SEP,2026-09-21,146.66
JVDCPS,2026-09-21,53.12
KAPCO,2026-09-21,26.62
KAPCO-SEP,2026-09-21,26.6
KCL,2026-09-21,176.71
KEL,2026-09-21,6.74
KEL-OCT,2026-09-21,6.83
KEL-SEP,2026-09-21,6.76
KHTC,2026-09-21,294.49
KHYT,2026-09-21,1811.83
KML,2026-09-21,8.57
KOHC,2026-09-21,90.86
KOHC-OCT,2026-09-21,92.4
KOHC-SEP,2026-09-21,91.72
KOHE,2026-09-21,15.53
KOHP,2026-09-21,20.7
KOHTM,2026-09-21,101.54
KOIL,2026-09-21,35.63
KOSM,2026-09-21,5.18
KOSM-OCT,2026-09-21,5.22
KOSM-SEP,2026-09-21,5.18
KPUS,2026-09-21,820.92
KSBP,2026-09-21,214.92
KSTM,2026-09-21,12.85
KTML,2026-09-21,42.81
LCI,2026-09-21,209.42
LEUL,2026-09-21,74.79
LIVEN,2026-09-21,30.91
LOADS,2026-09-21,12.66
LOADS-SEP,2026-09-21,12.7
LOTCHEM,2026-09-21,25.08
LOTCHEM-OCT,2026-09-21,25.47
LOTCHEM-SEPB,2026-09-21,25.19
LPGL,2026-09-21,70.11
LPL,2026-09-21,19.46
LSECL,2026-09-21,6.24
LSEFSL,2026-09-21,3.78
LSEVL,2026-09-21,14.32
LUCK,2026-09-21,421.72
LUCK-OCTB,2026-09-21,425.88
LUCK-SEPB,2026-09-21,421.79
MACFL,2026-09-21,69.21
MACTER,2026-09-21,238.05
MARI,2026-09-21,635.95
MARI-OCTB,2026-09-21,641.0
MARI-SEPB,2026-09-21,636.0
MCB,2026-09-21,398.42
MCB-SEPB,2026-09-21,399.0
MCBIM,2026-09-21,163.57
MDTL,2026-09-21,9.6
MDTL-OCT,2026-09-21,9.74
MDTL-SEP,2026-09-21,9.63
MEBL,2026-09-21,550.98
MEBL-SEPB,2026-09-21,553.0
MEHT,2026-09-21,139.56
MERIT,2026-09-21,9.74
MFFL,2026-09-21,164.1
MFL,2026-09-21,44.74
MIIETF,2026-09-21,16.15
MIRKS,2026-09-21,31.9
MLCF,2026-09-21,94.78
MLCF-OCT,2026-09-21,95.66
MLCF-SEP,2026-09-21,94.96
MQTM,2026-09-21,28.95
MRNS,2026-09-21,61.49
MSCL,2026-09-21,21.8
MSOT,2026-09-21,180.9
MTL,2026-09-21,298.78
MTL-OCT,2026-09-21,303.0
MTL-SEP,2026-09-21,300.2
MUGHAL,2026-09-21,69.09
MUGHAL-OCT,2026-09-21,70.0
MUGHAL-SEP,2026-09-21,69.14
MUGHALC,2026-09-21,62.0
MUREB,2026-09-21,933.39
MWMP,2026-09-21,96.87
MZNPETF,2026-09-21,17.35
NATF,2026-09-21,350.24
NATM,2026-09-21,69.38
NBP,2026-09-21,170.11
NBP-OCT,2026-09-21,172.05
NBP-SEP,2026-09-21,170.43
NBPGETF,2026-09-21,26.46
NCL,2026-09-21,39.18
NCML,2026-09-21,16.29
NCPL,2026-09-21,58.81
NCPL-OCT,2026-09-21,59.5
NCPL-SEP,2026-09-21,58.95
NESTLE,2026-09-21,7410.0
NETSOL,2026-09-21,126.76
NEXT,2026-09-21,14.23
NICL,2026-09-21,266.5
NITGETF,2026-09-21,33.25
NML,2026-09-21,132.34
NML-OCT,2026-09-21,133.8
NML-SEP,2026-09-21,132.46
NNAR,2026-09-21,22.48
NONS,2026-09-21,80.97
NPL,2026-09-21,64.32
NPL-OCT,2026-09-21,65.16
NPL-SEP,2026-09-21,64.52
NRL,2026-09-21,527.92
NRL-OCT,2026-09-21,532.93
NRL-SEP,2026-09-21,528.93
NRSL,2026-09-21,36.72
NSRM,2026-09-21,205.04
OBOY,2026-09-21,17.26
OCTOPUS,2026-09-21,28.41
OGDC,2026-09-21,317.49
OGDC-OCT,2026-09-21,318.9
OGDC-OCTB,2026-09-21,316.63
OGDC-SEP,2026-09-21,318.09
OLPL,2026-09-21,50.98
OLPM,2026-09-21,26.8
OML,2026-09-21,78.94
ORM,2026-09-21,10.93
OTSU,2026-09-21,339.23
PABC,2026-09-21,95.06
PACE,2026-09-21,10.3
PACE-OCT,2026-09-21,10.42
PACE-SEP,2026-09-21,10.32
PAEL,2026-09-21,36.55
PAEL-OCT,2026-09-21,37.0
PAEL-SEP,2026-09-21,36.68
PAKD,2026-09-21,121.01
PAKL,2026-09-21,53.27
PAKOXY,2026-09-21,335.9
PAKQATAR,2026-09-21,17.03
PAKRI,2026-09-21,15.63
PAKT,2026-09-21,1363.33
PASL,2026-09-21,2.67
PASM,2026-09-21,10.66
PCAL,2026-09-21,141.51
PECO,2026-09-21,626.5
PGLC,2026-09-21,17.06
PIAHCLA,2026-09-21,21.29
PIAHCLA-OCT,2026-09-21,21.55
PIAHCLA-SEP,2026-09-21,21.31
PIAHCLB,2026-09-21,15950.0
PIBTL,2026-09-21,15.96
PIBTL-OCT,2026-09-21,16.22
PIBTL-SEP,2026-09-21,15.98
PICT,2026-09-21,41.27
PIL,2026-09-21,5.09
PIM,2026-09-21,51.25
PINL,2026-09-21,10.41
PIOC,2026-09-21,246.59
PIOC-OCT,2026-09-21,247.1
PIOC-SEP,2026-09-21,246.16
PKGI,2026-09-21,48.37
PKGP,2026-09-21,36.02
PKGS,2026-09-21,706.83
PMRS,2026-09-21,397.5
PNSC,2026-09-21,534.91
POL,2026-09-21,746.4
POL-OCT,2026-09-21,750.0
POL-SEP,2026-09-21,745.0
POML,2026-09-21,152.22
POWER,2026-09-21,22.5
POWER-SEP,2026-09-21,22.47
POWERPS,2026-09-21,26.39
PPL,2026-09-21,228.39
PPL-OCT,2026-09-21,230.03
PPL-SEP,2026-09-21,228.73
PPP,2026-09-21,144.83
PPVC,2026-09-21,26.13
PQGTL,2026-09-21,12.84
PREMA,2026-09-21,32.57
PREMA-OCT,2026-09-21,32.99
PREMA-SEP,2026-09-21,32.64
PRET,2026-09-21,540.93
PRL,2026-09-21,86.92
PRL-OCT,2026-09-21,87.8
PRL-SEP,2026-09-21,87.08
PRWM,2026-09-21,63.06
PSEL,2026-09-21,1224.72
PSO,2026-09-21,349.58
PSO-OCT,2026-09-21,352.68
PSO-SEP,2026-09-21,349.77
PSX,2026-09-21,46.4
PSYL,2026-09-21,143.03
PTC,2026-09-21,62.89
PTC-OCT,2026-09-21,63.8
PTC-SEP,2026-09-21,63.04
PTL,2026-09-21,50.39
QTECH,2026-09-21,38.05
QUET,2026-09-21,15.14
QUICE,2026-09-21,29.98
REDCO,2026-09-21,28.78
REWM,2026-09-21,166.64
RICL,2026-09-21,11.75
RMPL,2026-09-21,9000.71
RPL,2026-09-21,15.15
RUBY,2026-09-21,22.58
RUPL,2026-09-21,30.0
SAIF,2026-09-21,41.95
SANSM,2026-09-21,119.61
SAPT,2026-09-21,1438.85
SARC,2026-09-21,91.65
SASML,2026-09-21,353.07
SAZEW,2026-09-21,1747.92
SAZEW-OCTB,2026-09-21,1775.0
SAZEW-SEPB,2026-09-21,1755.0
SBL,2026-09-21,13.0
SCBPL,2026-09-21,60.0
SEARL,2026-09-21,80.12
SEARL-OCT,2026-09-21,81.02
SEARL-SEP,2026-09-21,80.3
SEL,2026-09-21,26.78
SELECT,2026-09-21,28.43
SEPL,2026-09-21,136.35
SERT,2026-09-21,39.95
SFL,2026-09-21,1042.58
SGF,2026-09-21,106.53
SGPL,2026-09-21,32.92
SHCM,2026-09-21,56.12
SHDT,2026-09-21,55.61
SHEZ,2026-09-21,281.22
SHFA,2026-09-21,446.0
SHJS,2026-09-21,136.4
SHNI,2026-09-21,8.07
SHSML,2026-09-21,360.78
SIBL,2026-09-21,6.98
SIEM,2026-09-21,1700.37
SINDM,2026-09-21,30.91
SITC,2026-09-21,751.46
SKRS,2026-09-21,24.73
SLGL,2026-09-21,14.35
SLGL-OCT,2026-09-21,14.53
SLGL-SEP,2026-09-21,14.39
SLM,2026-09-21,22.79
SLYT,2026-09-21,16.97
SMCPL,2026-09-21,39.98
SML,2026-09-21,97.0
SNAI,2026-09-21,33.98
SNBL,2026-09-21,19.9
SNBL-OCT,2026-09-21,20.17
SNBL-SEP,2026-09-21,19.9
SNGP,2026-09-21,90.91
SNGP-OCT,2026-09-21,92.11
SNGP-SEP,2026-09-21,91.2
SOYASUP,2026-09-21,31.35
SPAC1,2026-09-21,17.05
SPAC2,2026-09-21,13.52
SPEL,2026-09-21,42.55
SPL,2026-09-21,43.93
SPSL,2026-09-21,16.51
SPWL,2026-09-21,8.0
SRR,2026-09-21,16.96
SRVI,2026-09-21,176.85
SSGC,2026-09-21,23.81
SSGC-OCT,2026-09-21,24.08
SSGC-SEP,2026-09-21,23.85
SSML,2026-09-21,20.29
SSOM,2026-09-21,457.66
STCL,2026-09-21,9.12
STJT,2026-09-21,146.24
STL,2026-09-21,23.83
STML,2026-09-21,50.77
STPL,2026-09-21,8.36
STYLERS,2026-09-21,50.03
SUHJ,2026-09-21,169.14
SURC,2026-09-21,155.68
SUTM,2026-09-21,108.02
SYM,2026-09-21,12.99
SYS,2026-09-21,121.12
SYS-OCT,2026-09-21,122.57
SYS-SEP,2026-09-21,121.23
SZTM,2026-09-21,83.45
TATM,2026-09-21,161.16
TBL,2026-09-21,9.1
TCORP,2026-09-21,19.68
TCORPCPS,2026-09-21,10.35
TELE,2026-09-21,7.68
TELE-OCT,2026-09-21,7.78
TELE-SEP,2026-09-21,7.7
TGL,2026-09-21,165.34
THALL,2026-09-21,536.7
THCCL,2026-09-21,76.68
THCCL-OCT,2026-09-21,77.37
THCCL-SEP,2026-09-21,76.83
TICL,2026-09-21,1025.42
TISL,2026-09-21,5.0
TOMCL,2026-09-21,32.51
TOMCL-OCT,2026-09-21,33.0
TOMCL-SEP,2026-09-21,32.56
TOWL,2026-09-21,133.07
TPL,2026-09-21,22.4
TPL-OCT,2026-09-21,22.56
TPL-SEP,2026-09-21,22.33
TPLI,2026-09-21,50.26
TPLL,2026-09-21,19.99
TPLP,2026-09-21,12.67
TPLP-NOV,2026-09-21,13.05
TPLP-OCT,2026-09-21,12.82
TPLP-SEP,2026-09-21,12.7
TPLRF1,2026-09-21,9.3
TPLRF1-OCT,2026-09-21,9.41
TPLRF1-SEP,2026-09-21,9.3
TPLT,2026-09-21,32.16
TREET,2026-09-21,22.44
TREET-OCT,2026-09-21,22.71
TREET-SEP,2026-09-21,22.57
TRG,2026-09-21,51.0
TRG-OCT,2026-09-21,51.61
TRG-SEP,2026-09-21,51.07
TRIPF,2026-09-21,131.08
TRSM,2026-09-21,13.8
TSBL,2026-09-21,2.35
TSMF,2026-09-21,15.74
TSML,2026-09-21,503.48
TSPL,2026-09-21,13.52
UBDL,2026-09-21,26.58
UBL,2026-09-21,428.61
UBL-OCT,2026-09-21,434.5
UBL-SEPB,2026-09-21,429.91
UBLPETF,2026-09-21,28.52
UCAPM,2026-09-21,5.36
UDLI,2026-09-21,16.29
UDPL,2026-09-21,109.35
UNIC,2026-09-21,11.57
UNITY,2026-09-21,8.29
UNITY-OCT,2026-09-21,8.38
UNITY-SEP,2026-09-21,8.29
UPFL,2026-09-21,25000.0
UVIC,2026-09-21,19.0
WAFI,2026-09-21,164.81
WAHDAT,2026-09-21,14.54
WAHN,2026-09-21,264.74
WASL,2026-09-21,5.88
WAVES,2026-09-21,8.91
WAVES-OCT,2026-09-21,9.01
WAVES-SEP,2026-09-21,8.93
WAVESAPP,2026-09-21,8.3
WAVESAPP-OCTB,2026-09-21,8.4
WAVESAPP-SEPB,2026-09-21,8.33
WTL,2026-09-21,1.02
WTL-OCT,2026-09-21,1.03
WTL-SEPB,2026-09-21,1.01
YOUW,2026-09-21,5.24
ZAHID,2026-09-21,64.9
ZAL,2026-09-21,38.9
ZIL,2026-09-21,325.57
ZTL,2026-09-21,15.61
ZUMA,2026-09-21,29.0
786,2026-09-22,20.66
AABS,2026-09-22,796.68
AATM,2026-09-22,42.27
ABL,2026-09-22,170.05
ABOT,2026-09-22,929.66
ACIETF,2026-09-22,16.6
ACPL,2026-09-22,229.0
ADAMS,2026-09-22,66.64
ADMM,2026-09-22,60.76
AGHA,2026-09-22,6.89
AGHA-OCT,2026-09-22,6.97
AGHA-SEP,2026-09-22,6.9
AGIC,2026-09-22,39.04
AGIL,2026-09-22,148.71
AGL,2026-09-22,45.05
AGP,2026-09-22,152.98
AGP-SEPB,2026-09-22,153.18
AGSML,2026-09-22,8.77
AGTL,2026-09-22,344.81
AHCL,2026-09-22,15.79
AHL,2026-09-22,113.56
AHTM,2026-09-22,89.58
AICL,2026-09-22,99.2
AICL-OCTB,2026-09-22,100.44
AICL-SEPB,2026-09-22,99.47
AIRLINK,2026-09-22,127.74
AIRLINK-OCT,2026-09-22,129.26
AIRLINK-SEP,2026-09-22,128.18
AKBL,2026-09-22,106.04
AKBL-OCT,2026-09-22,107.12
AKBL-SEPB,2026-09-22,106.7
AKDHL,2026-09-22,151.14
AKDSL,2026-09-22,35.56
AKGL,2026-09-22,57.35
ALAC,2026-09-22,24.11
ALIFE,2026-09-22,30.55
ALNRS,2026-09-22,125.6
ALTN,2026-09-22,6.65
AMBL,2026-09-22,19.99
AMTEX,2026-09-22,4.07
ANL,2026-09-22,9.19
ANSM,2026-09-22,25.28
ANTM,2026-09-22,74.93
APL,2026-09-22,577.14
ARCTM,2026-09-22,46.25
ARMG,2026-09-22,51.98
ARPAK,2026-09-22,143.68
ARPL,2026-09-22,403.28
ARUJ,2026-09-22,10.07
ASC,2026-09-22,8.6
ASHT,2026-09-22,40.26
ASIC,2026-09-22,38.41
ASL,2026-09-22,16.85
ASL-OCT,2026-09-22,17.07
ASL-SEP,2026-09-22,16.91
ASLCPS,2026-09-22,85.66
ASLPS,2026-09-22,24.25
ASTL,2026-09-22,19.32
ASTM,2026-09-22,117.67
ATBA,2026-09-22,164.31
ATIL,2026-09-22,75.0
ATLH,2026-09-22,1582.26
ATRL,2026-09-22,1122.99
ATRL-OCT,2026-09-22,1126.13
ATRL-OCTB,2026-09-22,1118.43
ATRL-SEP,2026-09-22,1124.21
AVN,2026-09-22,28.14
BAFL,2026-09-22,56.98
BAFL-OCT,2026-09-22,58.0
BAFL-SEPB,2026-09-22,57.0
BAFS,2026-09-22,434.51
BAHL,2026-09-22,152.04
BAHL-OCTB,2026-09-22,154.56
BAHL-SEPB,2026-09-22,153.0
BAPL,2026-09-22,42.8
BATA,2026-09-22,860.22
BBFL,2026-09-22,40.97
BCL,2026-09-22,74.38
BECO,2026-09-22,4.4
BECO-OCT,2026-09-22,4.45
BECO-SEP,2026-09-22,4.41
BELA,2026-09-22,65.0
BERG,2026-09-22,122.06
BFAGRO,2026-09-22,30.85
BFBIO,2026-09-22,125.43
BFMOD,2026-09-22,20.49
BGL,2026-09-22,9.78
BHAT,2026-09-22,819.53
BIFO,2026-09-22,113.9
BIPL,2026-09-22,24.9
BIPL-OCTB,2026-09-22,25.31
BIPL-SEPB,2026-09-22,24.93
BLUEX,2026-09-22,6.25
BML,2026-09-22,56.99
BML-OCT,2026-09-22,57.6
BML-SEP,2026-09-22,56.95
BNL,2026-09-22,5.83
BNL-OCT,2026-09-22,5.84
BNL-SEP,2026-09-22,5.8
BNWM,2026-09-22,65.67
BOK,2026-09-22,28.42
BOP,2026-09-22,30.77
BOP-OCTB,2026-09-22,31.09
BOP-SEPB,2026-09-22,30.8
BPL,2026-09-22,57.86
BRRG,2026-09-22,41.61
BTL,2026-09-22,845.45
BUXL,2026-09-22,619.46
BWCL,2026-09-22,445.97
BWHL,2026-09-22,219.3
CCM,2026-09-22,42.66
CENI,2026-09-22,62.2
CEPB,2026-09-22,26.65
CFL,2026-09-22,59.4
CHAS,2026-09-22,82.23
CHBL,2026-09-22,10.2
CHCC,2026-09-22,279.7
CHCC-OCT,2026-09-22,280.07
CHCC-SEP,2026-09-22,281.45
CJPL,2026-09-22,16.86
CLCPS,2026-09-22,3.59
CLOV,2026-09-22,6.35
CLVL,2026-09-22,38.0
CNERGY,2026-09-22,13.2
CNERGY-OCT,2026-09-22,13.36
CNERGY-SEP,2026-09-22,13.23
COLG,2026-09-22,1134.79
CPHL,2026-09-22,75.35
CPHL-OCT,2026-09-22,76.0
CPHL-SEP,2026-09-22,75.34
CPPL,2026-09-22,101.89
CRTM,2026-09-22,64.04
CSAP,2026-09-22,93.85
CSIL,2026-09-22,5.64
CSIL-NOV,2026-09-22,5.8
CSIL-OCT,2026-09-22,5.53
CSIL-SEP,2026-09-22,5.65
CTM,2026-09-22,6.57
DAAG,2026-09-22,87.5
DADX,2026-09-22,101.3
DBCI,2026-09-22,10.71
DCL,2026-09-22,9.86
DCL-OCT,2026-09-22,10.0
DCL-SEP,2026-09-22,9.89
DCR,2026-09-22,39.59
DEL,2026-09-22,17.28
DFML,2026-09-22,15.92
DFSM,2026-09-22,14.39
DGKC,2026-09-22,200.22
DGKC-OCT,2026-09-22,201.83
DGKC-SEP,2026-09-22,200.38
DIIL,2026-09-22,74.0
DINT,2026-09-22,65.18
DLL,2026-09-22,46.92
DMC,2026-09-22,173.1
DNCC,2026-09-22,16.51
DOL,2026-09-22,30.6
DSIL,2026-09-22,9.3
DSL,2026-09-22,4.45
DWAE,2026-09-22,20.99
DWSM,2026-09-22,6.49
DWTM,2026-09-22,9.26
DYNO,2026-09-22,330.18
ECOP,2026-09-22,50.26
EFERT,2026-09-22,191.01
EFERT-SEPB,2026-09-22,190.5
EFUG,2026-09-22,126.13
EFUL,2026-09-22,158.0
ELCM,2026-09-22,304.88
ELSM,2026-09-22,148.25
EMCO,2026-09-22,36.06
ENGROH,2026-09-22,263.79
ENGROH-OCT,2026-09-22,266.46
ENGROH-SEP,2026-09-22,263.84
EPCL,2026-09-22,33.89
EPCL-SEP,2026-09-22,34.0
EPCLPS,2026-09-22,13.6
EPQL,2026-09-22,23.87
ESBL,2026-09-22,10.29
EWIC,2026-09-22,65.62
EXIDE,2026-09-22,428.02
FABL,2026-09-22,93.88
FABL-OCTB,2026-09-22,95.46
FABL-SEPB,2026-09-22,93.9
FANM,2026-09-22,9.88
FASM,2026-09-22,300.01
FATIMA,2026-09-22,148.46
FATIMA-OCT,2026-09-22,150.92
FATIMA-SEP,2026-09-22,148.5
FCCL,2026-09-22,54.06
FCCL-OCTB,2026-09-22,54.65
FCCL-SEPB,2026-09-22,54.11
FCEL,2026-09-22,5.21
FCEPL,2026-09-22,136.23
FCIBL,2026-09-22,30.72
FCL,2026-09-22,27.47
FCL-OCT,2026-09-22,27.45
FCL-OCTB,2026-09-22,26.51
FCL-SEP,2026-09-22,27.54
FCSC,2026-09-22,5.64
FDPL,2026-09-22,4.75
FDPL-OCT,2026-09-22,4.83
FDPL-SEP,2026-09-22,4.85
FECM,2026-09-22,18.09
FECTC,2026-09-22,96.08
FEM,2026-09-22,11.04
FEROZ,2026-09-22,344.89
FFC,2026-09-22,538.2
FFC-OCT,2026-09-22,543.99
FFC-SEPB,2026-09-22,539.03
FFL,2026-09-22,14.67
FFL-OCT,2026-09-22,14.83
FFL-SEP,2026-09-22,14.7
FFLM,2026-09-22,11.26
FHAM,2026-09-22,31.0
FIBLM,2026-09-22,14.97
FIL,2026-09-22,260.46
FLYNG,2026-09-22,35.64
FML,2026-09-22,47.0
FNEL,2026-09-22,1.2
FPJM,2026-09-22,29.93
FPRM,2026-09-22,12.01
FRCL,2026-09-22,79.1
FRSM,2026-09-22,42.01
FSWL,2026-09-22,145.0
FTMM,2026-09-22,18.87
FTSM,2026-09-22,41.72
FZCM,2026-09-22,256.31
GADT,2026-09-22,292.86
GAL,2026-09-22,537.88
GAL-OCT,2026-09-22,539.21
GAL-OCTB,2026-09-22,533.12
GAL-SEP,2026-09-22,537.81
GAMON,2026-09-22,19.5
GATI,2026-09-22,88.94
GATM,2026-09-22,22.77
GATM-OCT,2026-09-22,23.15
GATM-SEP,2026-09-22,22.9
GCIL,2026-09-22,31.48
GCIL-OCT,2026-09-22,31.96
GCIL-SEP,2026-09-22,31.62
GCWL,2026-09-22,14.41
GDL,2026-09-22,17.66
GEMBCEM,2026-09-22,11.3
GEMMEL,2026-09-22,43.21
GEMPACRA,2026-09-22,36.62
GEMPAPL,2026-09-22,11.0
GFIL,2026-09-22,26.92
GGGL,2026-09-22,7.73
GGL,2026-09-22,20.52
GGL-OCT,2026-09-22,20.62
GGL-SEP,2026-09-22,20.52
GHGL,2026-09-22,40.29
GHNI,2026-09-22,1077.35
GHNI-OCT,2026-09-22,1085.0
GHNI-OCTB,2026-09-22,1074.25
GHNI-SEP,2026-09-22,1077.0
GLAXO,2026-09-22,322.57
GLAXO-SEPB,2026-09-22,322.98
GOC,2026-09-22,160.06
GRR,2026-09-22,22.79
GRYL,2026-09-22,19.86
GSPM,2026-09-22,7.25
GTYR,2026-09-22,25.19
GUSM,2026-09-22,8.92
GVGL,2026-09-22,54.6
GWLC,2026-09-22,50.58
HABSM,2026-09-22,78.75
HAEL,2026-09-22,23.5
HAFL,2026-09-22,430.06
HALEON,2026-09-22,692.6
HASCOL,2026-09-22,19.85
HBL,2026-09-22,303.16
HBL-OCTB,2026-09-22,306.95
HBL-SEPB,2026-09-22,303.98
HBLTETF,2026-09-22,106.3
HCAR,2026-09-22,223.36
HGFA,2026-09-22,13.67
HICL,2026-09-22,8.1
HIFA,2026-09-22,4.9
HINO,2026-09-22,321.13
HINOON,2026-09-22,947.96
HIRAT,2026-09-22,6.05
HMB,2026-09-22,98.29
HPL,2026-09-22,3918.8
HRPL,2026-09-22,20.48
HTL,2026-09-22,38.9
HUBC,2026-09-22,204.51
HUBC-OCT,2026-09-22,205.0
HUBC-OCTB,2026-09-22,202.0
HUBC-SEP,2026-09-22,204.68
HUMNL,2026-09-22,10.1
HUMNL-OCT,2026-09-22,10.24
HUMNL-SEP,2026-09-22,10.19
HUSI,2026-09-22,51.07
HWQS,2026-09-22,18.8
IBFL,2026-09-22,267.24
IBLHL,2026-09-22,45.23
ICCI,2026-09-22,13.9
ICIBL,2026-09-22,17.33
ICL,2026-09-22,129.81
IDEAL,2026-09-22,46.44
IDRT,2026-09-22,35.84
IDYM,2026-09-22,135.63
IGIHL,2026-09-22,249.85
IGIL,2026-09-22,19.01
ILP,2026-09-22,100.49
ILP-OCT,2026-09-22,100.62
ILP-SEP,2026-09-22,100.5
IMAGE,2026-09-22,25.39
IMAGE-OCT,2026-09-22,25.65
IMAGE-SEP,2026-09-22,25.46
IMS,2026-09-22,18.1
INDU,2026-09-22,1788.18
INIL,2026-09-22,167.7
INKL,2026-09-22,102.12
IPAK,2026-09-22,36.58
IREIT,2026-09-22,7.94
ISIL,2026-09-22,1822.61
ISL,2026-09-22,82.4
ITANZ,2026-09-22,34.23
ITTEFAQ,2026-09-22,8.24
JATM,2026-09-22,39.11
JDMT,2026-09-22,124.4
JDWS,2026-09-22,906.59
JGICL,2026-09-22,77.92
JKSM,2026-09-22,312.33
JLICL,2026-09-22,107.75
JSBL,2026-09-22,12.08
JSCL,2026-09-22,20.75
JSGBETF,2026-09-22,39.8
JSGCL,2026-09-22,142.25
JSIL,2026-09-22,38.35
JSMFETF,2026-09-22,10.58
JSML,2026-09-22,54.88
JSRR,2026-09-22,10.79
JUBS,2026-09-22,54.6
JVDC,2026-09-22,145.28
JVDC-OCT,2026-09-22,145.99
JVDC-OCTB,2026-09-22,141.42
JVDC-SEP,2026-09-22,146.53
KAPCO,2026-09-22,26.58
KAPCO-SEP,2026-09-22,26.74
KCL,2026-09-22,187.16
KEL,2026-09-22,6.72
KEL-OCT,2026-09-22,6.8
KEL-SEP,2026-09-22,6.74
KHTC,2026-09-22,294.49
KHYT,2026-09-22,1812.68
KML,2026-09-22,8.48
KOHC,2026-09-22,91.1
KOHC-OCT,2026-09-22,92.61
KOHC-SEP,2026-09-22,93.32
KOHE,2026-09-22,15.48
KOHP,2026-09-22,20.68
KOHTM,2026-09-22,100.63
KOIL,2026-09-22,35.2
KOSM,2026-09-22,5.17
KOSM-OCT,2026-09-22,5.23
KOSM-SEP,2026-09-22,5.18
KPUS,2026-09-22,820.33
KSBP,2026-09-22,215.19
KSTM,2026-09-22,12.85
KTML,2026-09-22,42.67
LCI,2026-09-22,209.08
LEUL,2026-09-22,78.95
LIVEN,2026-09-22,30.81
LOADS,2026-09-22,12.64
LOADS-OCT,2026-09-22,12.78
LOADS-SEP,2026-09-22,12.64
LOTCHEM,2026-09-22,25.61
LOTCHEM-OCT,2026-09-22,25.96
LOTCHEM-SEPB,2026-09-22,25.65
LPGL,2026-09-22,72.06
LPL,2026-09-22,19.54
LSECL,2026-09-22,6.11
LSEFSL,2026-09-22,3.66
LSEVL,2026-09-22,14.62
LUCK,2026-09-22,423.79
LUCK-OCTB,2026-09-22,427.73
LUCK-SEPB,2026-09-22,424.39
MACFL,2026-09-22,70.55
MACTER,2026-09-22,240.53
MARI,2026-09-22,645.57
MARI-OCTB,2026-09-22,652.0
MARI-SEPB,2026-09-22,645.01
MCB,2026-09-22,396.34
MCB-OCTB,2026-09-22,398.11
MCB-SEPB,2026-09-22,398.0
MCBIM,2026-09-22,161.0
MDTL,2026-09-22,8.67
MDTL-NOV,2026-09-22,8.9
MDTL-OCT,2026-09-22,8.82
MDTL-SEP,2026-09-22,8.67
MEBL,2026-09-22,550.42
MEBL-OCTB,2026-09-22,553.0
MEBL-SEPB,2026-09-22,552.0
MEHT,2026-09-22,141.86
MERIT,2026-09-22,9.75
MFFL,2026-09-22,163.44
MFL,2026-09-22,45.07
MIIETF,2026-09-22,16.18
MIRKS,2026-09-22,31.62
MLCF,2026-09-22,96.19
MLCF-OCT,2026-09-22,97.34
MLCF-SEP,2026-09-22,96.33
MQTM,2026-09-22,28.4
MRNS,2026-09-22,61.02
MSCL,2026-09-22,22.19
MSOT,2026-09-22,185.35
MTL,2026-09-22,297.99
MTL-OCT,2026-09-22,302.28
MTL-SEP,2026-09-22,299.0
MUGHAL,2026-09-22,69.98
MUGHAL-OCT,2026-09-22,70.74
MUGHAL-SEP,2026-09-22,70.21
MUGHALC,2026-09-22,62.0
MUREB,2026-09-22,934.81
MWMP,2026-09-22,96.51
MZNPETF,2026-09-22,17.42
NAGC,2026-09-22,78.91
NATF,2026-09-22,349.49
NATM,2026-09-22,75.12
NBP,2026-09-22,171.08
NBP-OCT,2026-09-22,172.64
NBP-SEP,2026-09-22,171.04
NBPGETF,2026-09-22,26.75
NCL,2026-09-22,38.95
NCML,2026-09-22,16.03
NCPL,2026-09-22,57.5
NCPL-OCT,2026-09-22,58.06
NCPL-SEP,2026-09-22,57.7
NESTLE,2026-09-22,7420.0
NETSOL,2026-09-22,124.5
NEXT,2026-09-22,14.05
NICL,2026-09-22,267.0
NITGETF,2026-09-22,33.05
NML,2026-09-22,133.82
NML-OCT,2026-09-22,134.57
NML-SEP,2026-09-22,133.66
NNAR,2026-09-22,22.23
NONS,2026-09-22,80.78
NPL,2026-09-22,63.28
NPL-OCT,2026-09-22,64.07
NPL-SEP,2026-09-22,63.31
NRL,2026-09-22,525.16
NRL-OCT,2026-09-22,530.08
NRL-SEP,2026-09-22,526.55
NRSL,2026-09-22,38.02
NSRM,2026-09-22,205.04
OBOY,2026-09-22,17.29
OCTOPUS,2026-09-22,28.61
OGDC,2026-09-22,318.41
OGDC-OCT,2026-09-22,319.0
OGDC-OCTB,2026-09-22,316.8
OGDC-SEP,2026-09-22,318.62
OLPL,2026-09-22,50.99
OLPM,2026-09-22,27.59
OML,2026-09-22,74.03
ORM,2026-09-22,11.13
OTSU,2026-09-22,340.17
PABC,2026-09-22,94.38
PACE,2026-09-22,10.22
PACE-OCT,2026-09-22,10.33
PACE-SEP,2026-09-22,10.22
PAEL,2026-09-22,36.83
PAEL-OCT,2026-09-22,37.23
PAEL-SEP,2026-09-22,36.88
PAKD,2026-09-22,124.0
PAKL,2026-09-22,52.9
PAKOXY,2026-09-22,336.99
PAKQATAR,2026-09-22,17.1
PAKRI,2026-09-22,15.9
PAKT,2026-09-22,1405.47
PASL,2026-09-22,2.6
PASM,2026-09-22,10.45
PCAL,2026-09-22,140.26
PECO,2026-09-22,617.37
PGLC,2026-09-22,16.57
PIAHCLA,2026-09-22,21.01
PIAHCLA-OCT,2026-09-22,21.24
PIAHCLA-SEP,2026-09-22,21.0
PIAHCLB,2026-09-22,15673.05
PIBTL,2026-09-22,16.03
PIBTL-OCT,2026-09-22,16.22
PIBTL-SEP,2026-09-22,16.07
PICT,2026-09-22,40.99
PIL,2026-09-22,5.02
PIM,2026-09-22,46.69
PINL,2026-09-22,10.42
PIOC,2026-09-22,249.98
PIOC-OCT,2026-09-22,248.53
PIOC-SEP,2026-09-22,250.15
PKGI,2026-09-22,45.84
PKGP,2026-09-22,36.6
PKGS,2026-09-22,720.47
PMRS,2026-09-22,399.0
PNSC,2026-09-22,550.84
POL,2026-09-22,746.65
POL-OCT,2026-09-22,747.63
POL-SEP,2026-09-22,745.0
POML,2026-09-22,152.22
POWER,2026-09-22,22.53
POWER-OCT,2026-09-22,22.63
POWER-SEP,2026-09-22,22.53
PPL,2026-09-22,230.51
PPL-OCT,2026-09-22,232.4
PPL-SEP,2026-09-22,231.01
PPP,2026-09-22,148.95
PPVC,2026-09-22,25.15
PQGTL,2026-09-22,13.04
PREMA,2026-09-22,32.36
PREMA-OCT,2026-09-22,32.66
PREMA-SEP,2026-09-22,32.42
PRET,2026-09-22,533.49
PRL,2026-09-22,87.33
PRL-OCT,2026-09-22,88.08
PRL-SEP,2026-09-22,87.43
PRWM,2026-09-22,57.25
PSEL,2026-09-22,1222.24
PSO,2026-09-22,348.83
PSO-OCT,2026-09-22,353.0
PSO-SEP,2026-09-22,348.44
PSX,2026-09-22,46.38
PSYL,2026-09-22,143.03
PTC,2026-09-22,63.25
PTC-OCT,2026-09-22,63.86
PTC-SEP,2026-09-22,63.26
PTL,2026-09-22,49.74
QTECH,2026-09-22,38.8
QUET,2026-09-22,14.82
QUICE,2026-09-22,32.98
REDCO,2026-09-22,28.06
RICL,2026-09-22,11.78
RMPL,2026-09-22,9000.0
RPL,2026-09-22,15.77
RUBY,2026-09-22,22.45
RUPL,2026-09-22,30.0
SAIF,2026-09-22,41.38
SANSM,2026-09-22,119.61
SAPT,2026-09-22,1423.87
SARC,2026-09-22,100.82
SASML,2026-09-22,353.07
SAZEW,2026-09-22,1740.82
SAZEW-OCTB,2026-09-22,1757.0
SAZEW-SEPB,2026-09-22,1744.32
SBL,2026-09-22,13.0
SCBPL,2026-09-22,60.1
SEARL,2026-09-22,82.65
SEARL-OCT,2026-09-22,83.6
SEARL-SEP,2026-09-22,82.75
SEL,2026-09-22,26.66
SELECT,2026-09-22,30.85
SEPL,2026-09-22,136.58
SERT,2026-09-22,39.68
SFL,2026-09-22,1039.9
SGF,2026-09-22,106.62
SGPL,2026-09-22,31.7
SHCM,2026-09-22,56.12
SHDT,2026-09-22,55.99
SHEZ,2026-09-22,292.91
SHFA,2026-09-22,444.0
SHJS,2026-09-22,136.4
SHNI,2026-09-22,8.0
SHSML,2026-09-22,355.0
SIBL,2026-09-22,7.0
SIEM,2026-09-22,1620.1
SINDM,2026-09-22,30.12
SITC,2026-09-22,745.0
SKRS,2026-09-22,24.98
SLGL,2026-09-22,14.42
SLGL-OCT,2026-09-22,14.61
SLGL-SEP,2026-09-22,14.45
SLM,2026-09-22,22.8
SLYT,2026-09-22,16.7
SMCPL,2026-09-22,40.33
SML,2026-09-22,97.0
SNAI,2026-09-22,34.84
SNBL,2026-09-22,19.92
SNBL-OCT,2026-09-22,20.18
SNBL-SEP,2026-09-22,19.95
SNGP,2026-09-22,90.96
SNGP-OCT,2026-09-22,91.99
SNGP-SEP,2026-09-22,91.18
SOYASUP,2026-09-22,31.1
SPAC1,2026-09-22,18.76
SPAC2,2026-09-22,14.0
SPEL,2026-09-22,42.65
SPL,2026-09-22,43.57
SPSL,2026-09-22,16.53
SPWL,2026-09-22,7.91
SRR,2026-09-22,16.81
SRVI,2026-09-22,179.93
SSGC,2026-09-22,23.63
SSGC-OCT,2026-09-22,23.94
SSGC-SEP,2026-09-22,23.61
SSML,2026-09-22,20.0
SSOM,2026-09-22,454.08
STCL,2026-09-22,9.01
STJT,2026-09-22,145.45
STL,2026-09-22,25.06
STML,2026-09-22,51.43
STPL,2026-09-22,8.21
STYLERS,2026-09-22,50.06
SUHJ,2026-09-22,169.14
SURC,2026-09-22,152.97
SUTM,2026-09-22,111.44
SYM,2026-09-22,12.99
SYS,2026-09-22,121.2
SYS-OCT,2026-09-22,122.84
SYS-SEP,2026-09-22,121.68
SZTM,2026-09-22,91.11
TATM,2026-09-22,156.61
TBL,2026-09-22,9.14
TCORP,2026-09-22,19.59
TCORPCPS,2026-09-22,11.01
TELE,2026-09-22,7.79
TELE-OCT,2026-09-22,7.87
TELE-SEP,2026-09-22,7.79
TGL,2026-09-22,165.62
THALL,2026-09-22,533.08
THCCL,2026-09-22,78.42
THCCL-OCT,2026-09-22,79.41
THCCL-SEP,2026-09-22,78.5
TICL,2026-09-22,1021.74
TISL,2026-09-22,4.91
TOMCL,2026-09-22,32.73
TOMCL-OCT,2026-09-22,32.94
TOMCL-SEP,2026-09-22,32.7
TOWL,2026-09-22,132.04
TPL,2026-09-22,22.04
TPL-OCT,2026-09-22,22.33
TPL-SEP,2026-09-22,22.08
TPLI,2026-09-22,50.51
TPLL,2026-09-22,18.86
TPLP,2026-09-22,12.51
TPLP-OCT,2026-09-22,12.67
TPLP-SEP,2026-09-22,12.57
TPLRF1,2026-09-22,9.3
TPLRF1-OCT,2026-09-22,9.43
TPLRF1-SEP,2026-09-22,9.31
TPLT,2026-09-22,31.85
TREET,2026-09-22,22.55
TREET-OCT,2026-09-22,22.92
TREET-SEP,2026-09-22,22.52
TRG,2026-09-22,51.34
TRG-OCT,2026-09-22,51.8
TRG-SEP,2026-09-22,51.21
TRIPF,2026-09-22,133.41
TRSM,2026-09-22,13.87
TSBL,2026-09-22,2.35
TSMF,2026-09-22,15.74
TSML,2026-09-22,516.8
TSPL,2026-09-22,13.58
UBDL,2026-09-22,25.8
UBL,2026-09-22,429.07
UBL-OCT,2026-09-22,431.5
UBL-SEPB,2026-09-22,429.86
UBLPETF,2026-09-22,28.48
UCAPM,2026-09-22,5.41
UDLI,2026-09-22,16.94
UDPL,2026-09-22,108.78
UNIC,2026-09-22,11.36
UNITY,2026-09-22,8.21
UNITY-OCT,2026-09-22,8.35
UNITY-SEP,2026-09-22,8.23
UPFL,2026-09-22,25250.0
UVIC,2026-09-22,18.79
WAFI,2026-09-22,169.71
WAHDAT,2026-09-22,14.59
WAHN,2026-09-22,261.22
WASL,2026-09-22,5.84
WAVES,2026-09-22,8.9
WAVES-OCT,2026-09-22,9.0
WAVES-SEP,2026-09-22,8.91
WAVESAPP,2026-09-22,8.22
WAVESAPP-OCTB,2026-09-22,8.36
WAVESAPP-SEPB,2026-09-22,8.28
WTL,2026-09-22,1.0
WTL-OCT,2026-09-22,1.01
WTL-SEPB,2026-09-22,0.99
YOUW,2026-09-22,5.09
ZAHID,2026-09-22,65.0
ZAL,2026-09-22,39.07
ZIL,2026-09-22,325.57
ZTL,2026-09-22,15.65
ZUMA,2026-09-22,28.19
786,2026-09-23,22.56
AABS,2026-09-23,800.96
AATM,2026-09-23,42.02
ABL,2026-09-23,170.06
ABOT,2026-09-23,925.4
ACIETF,2026-09-23,16.81
ACPL,2026-09-23,229.96
ADAMS,2026-09-23,65.71
ADMM,2026-09-23,57.22
AGHA,2026-09-23,7.42
AGHA-OCT,2026-09-23,7.5
AGHA-SEP,2026-09-23,7.43
AGIC,2026-09-23,39.36
AGIL,2026-09-23,149.02
AGL,2026-09-23,47.12
AGP,2026-09-23,156.08
AGP-SEPB,2026-09-23,158.8
AGSML,2026-09-23,8.94
AGTL,2026-09-23,342.12
AHCL,2026-09-23,15.74
AHL,2026-09-23,112.78
AHTM,2026-09-23,89.58
AICL,2026-09-23,99.52
AICL-OCTB,2026-09-23,100.87
AICL-SEPB,2026-09-23,99.85
AIRLINK,2026-09-23,127.85
AIRLINK-OCT,2026-09-23,129.08
AIRLINK-SEP,2026-09-23,127.98
AKBL,2026-09-23,107.48
AKBL-OCT,2026-09-23,108.75
AKBL-SEPB,2026-09-23,107.66
AKDHL,2026-09-23,151.14
AKDSL,2026-09-23,35.59
AKGL,2026-09-23,60.35
ALAC,2026-09-23,24.01
ALIFE,2026-09-23,30.21
ALNRS,2026-09-23,124.95
ALTN,2026-09-23,6.82
AMBL,2026-09-23,19.99
AMTEX,2026-09-23,4.05
ANL,2026-09-23,9.16
ANSM,2026-09-23,23.87
ANTM,2026-09-23,80.19
APL,2026-09-23,583.86
ARCTM,2026-09-23,50.29
ARMG,2026-09-23,52.91
ARPAK,2026-09-23,132.94
ARPL,2026-09-23,400.32
ARUJ,2026-09-23,9.88
ASC,2026-09-23,8.82
ASHT,2026-09-23,44.29
ASIC,2026-09-23,38.41
ASL,2026-09-23,16.55
ASL-OCT,2026-09-23,16.71
ASL-SEP,2026-09-23,16.58
ASLCPS,2026-09-23,85.0
ASLPS,2026-09-23,24.25
ASTL,2026-09-23,19.98
ASTM,2026-09-23,105.9
ATBA,2026-09-23,165.98
ATIL,2026-09-23,74.15
ATLH,2026-09-23,1580.17
ATRL,2026-09-23,1173.72
ATRL-OCT,2026-09-23,1175.46
ATRL-OCTB,2026-09-23,1161.07
ATRL-SEP,2026-09-23,1174.39
AVN,2026-09-23,28.34
BAFL,2026-09-23,56.69
BAFL-OCT,2026-09-23,57.65
BAFL-SEPB,2026-09-23,56.8
BAFS,2026-09-23,434.51
BAHL,2026-09-23,152.82
BAHL-OCTB,2026-09-23,151.0
BAHL-SEPB,2026-09-23,152.82
BAPL,2026-09-23,40.87
BATA,2026-09-23,857.0
BBFL,2026-09-23,41.43
BCL,2026-09-23,73.36
BECO,2026-09-23,4.54
BECO-OCT,2026-09-23,4.6
BECO-SEP,2026-09-23,4.55
BELA,2026-09-23,70.75
BERG,2026-09-23,123.64
BFAGRO,2026-09-23,31.16
BFBIO,2026-09-23,127.92
BFMOD,2026-09-23,20.27
BGL,2026-09-23,9.63
BHAT,2026-09-23,819.53
BIFO,2026-09-23,114.07
BIPL,2026-09-23,24.92
BIPL-OCTB,2026-09-23,24.9
BIPL-SEPB,2026-09-23,24.9
BLUEX,2026-09-23,6.33
BML,2026-09-23,54.53
BML-OCT,2026-09-23,55.33
BML-SEP,2026-09-23,55.01
BNL,2026-09-23,5.9
BNL-OCT,2026-09-23,5.87
BNL-SEP,2026-09-23,5.83
BNWM,2026-09-23,65.38
BOK,2026-09-23,28.2
BOP,2026-09-23,30.82
BOP-OCTB,2026-09-23,31.14
BOP-SEPB,2026-09-23,30.83
BPL,2026-09-23,56.63
BRRG,2026-09-23,42.0
BTL,2026-09-23,845.45
BUXL,2026-09-23,558.47
BWCL,2026-09-23,447.93
BWHL,2026-09-23,218.28
CCM,2026-09-23,44.97
CENI,2026-09-23,62.56
CEPB,2026-09-23,26.48
CFL,2026-09-23,59.4
CHAS,2026-09-23,84.51
CHBL,2026-09-23,10.14
CHCC,2026-09-23,282.65
CHCC-OCT,2026-09-23,284.33
CHCC-SEP,2026-09-23,283.0
CJPL,2026-09-23,17.16
CLCPS,2026-09-23,3.7
CLOV,2026-09-23,6.32
CLVL,2026-09-23,34.2
CNERGY,2026-09-23,14.31
CNERGY-OCT,2026-09-23,14.48
CNERGY-SEP,2026-09-23,14.32
COLG,2026-09-23,1139.16
CPHL,2026-09-23,74.95
CPHL-OCT,2026-09-23,75.41
CPHL-SEP,2026-09-23,74.97
CPPL,2026-09-23,100.72
CRTM,2026-09-23,64.04
CSAP,2026-09-23,94.12
CSIL,2026-09-23,5.66
CSIL-NOV,2026-09-23,6.5
CSIL-OCT,2026-09-23,5.76
CSIL-SEP,2026-09-23,5.71
CTM,2026-09-23,6.45
DAAG,2026-09-23,87.25
DADX,2026-09-23,102.67
DBCI,2026-09-23,10.4
DCL,2026-09-23,9.92
DCL-OCT,2026-09-23,10.05
DCL-SEP,2026-09-23,9.95
DCR,2026-09-23,39.4
DEL,2026-09-23,17.12
DFML,2026-09-23,16.53
DFSM,2026-09-23,15.83
DGKC,2026-09-23,199.97
DGKC-OCT,2026-09-23,201.5
DGKC-SEP,2026-09-23,200.25
DIIL,2026-09-23,72.8
DINT,2026-09-23,67.77
DLL,2026-09-23,46.48
DMC,2026-09-23,179.38
DNCC,2026-09-23,16.18
DOL,2026-09-23,30.54
DSIL,2026-09-23,9.58
DSL,2026-09-23,4.66
DWAE,2026-09-23,21.06
DWSM,2026-09-23,6.46
DWTM,2026-09-23,9.31
DYNO,2026-09-23,328.08
ECOP,2026-09-23,49.7
EFERT,2026-09-23,192.87
EFERT-SEPB,2026-09-23,193.02
EFUG,2026-09-23,126.13
EFUL,2026-09-23,158.0
ELCM,2026-09-23,280.25
ELSM,2026-09-23,148.25
EMCO,2026-09-23,35.7
ENGROH,2026-09-23,265.54
ENGROH-OCT,2026-09-23,268.52
ENGROH-SEP,2026-09-23,265.32
EPCL,2026-09-23,34.0
EPCL-SEP,2026-09-23,34.0
EPCLPS,2026-09-23,13.7
EPQL,2026-09-23,23.99
ESBL,2026-09-23,11.32
EWIC,2026-09-23,65.62
EXIDE,2026-09-23,434.01
FABL,2026-09-23,94.69
FABL-OCTB,2026-09-23,95.55
FABL-SEPB,2026-09-23,94.5
FANM,2026-09-23,10.08
FASM,2026-09-23,314.71
FATIMA,2026-09-23,148.09
FATIMA-OCT,2026-09-23,150.88
FATIMA-SEP,2026-09-23,148.1
FCCL,2026-09-23,54.41
FCCL-OCTB,2026-09-23,54.9
FCCL-SEPB,2026-09-23,54.38
FCEL,2026-09-23,5.23
FCEPL,2026-09-23,139.02
FCIBL,2026-09-23,33.79
FCL,2026-09-23,27.5
FCL-OCT,2026-09-23,27.51
FCL-OCTB,2026-09-23,26.5
FCL-SEP,2026-09-23,27.55
FCSC,2026-09-23,5.77
FDPL,2026-09-23,4.73
FDPL-OCT,2026-09-23,4.8
FDPL-SEP,2026-09-23,4.75
FECM,2026-09-23,18.8
FECTC,2026-09-23,96.81
FEM,2026-09-23,10.83
FEROZ,2026-09-23,337.04
FFC,2026-09-23,544.15
FFC-OCT,2026-09-23,549.17
FFC-SEPB,2026-09-23,546.0
FFL,2026-09-23,14.97
FFL-OCT,2026-09-23,15.1
FFL-SEP,2026-09-23,14.99
FFLM,2026-09-23,11.45
FHAM,2026-09-23,31.15
FIBLM,2026-09-23,14.73
FIL,2026-09-23,282.07
FLYNG,2026-09-23,36.23
FML,2026-09-23,47.16
FNEL,2026-09-23,1.19
FPJM,2026-09-23,32.92
FPRM,2026-09-23,12.0
FRCL,2026-09-23,79.1
FRSM,2026-09-23,42.01
FSWL,2026-09-23,148.45
FTMM,2026-09-23,18.85
FTSM,2026-09-23,41.14
FZCM,2026-09-23,256.31
GADT,2026-09-23,296.53
GAL,2026-09-23,538.48
GAL-OCT,2026-09-23,539.37
GAL-OCTB,2026-09-23,534.9
GAL-SEP,2026-09-23,539.03
GAMON,2026-09-23,19.25
GATI,2026-09-23,88.17
GATM,2026-09-23,22.87
GATM-OCT,2026-09-23,23.15
GATM-SEP,2026-09-23,22.85
GCIL,2026-09-23,31.49
GCIL-OCT,2026-09-23,31.89
GCIL-SEP,2026-09-23,31.78
GCWL,2026-09-23,14.48
GDL,2026-09-23,18.0
GEMBCEM,2026-09-23,11.3
GEMMEL,2026-09-23,43.21
GEMPACRA,2026-09-23,40.04
GEMPAPL,2026-09-23,11.0
GFIL,2026-09-23,26.03
GGGL,2026-09-23,7.67
GGL,2026-09-23,20.71
GGL-OCT,2026-09-23,20.93
GGL-SEP,2026-09-23,20.79
GHGL,2026-09-23,40.11
GHNI,2026-09-23,1091.52
GHNI-OCT,2026-09-23,1098.4
GHNI-OCTB,2026-09-23,1085.0
GHNI-SEP,2026-09-23,1091.05
GLAXO,2026-09-23,321.36
GLAXO-SEPB,2026-09-23,323.0
GOC,2026-09-23,165.99
GRR,2026-09-23,22.89
GRYL,2026-09-23,21.24
GSPM,2026-09-23,7.86
GTYR,2026-09-23,25.71
GUSM,2026-09-23,8.86
GVGL,2026-09-23,54.0
GWLC,2026-09-23,50.89
HABSM,2026-09-23,79.01
HAEL,2026-09-23,25.85
HAFL,2026-09-23,430.06
HALEON,2026-09-23,692.99
HASCOL,2026-09-23,19.88
HBL,2026-09-23,303.3
HBL-OCTB,2026-09-23,306.43
HBL-SEPB,2026-09-23,304.1
HBLTETF,2026-09-23,106.25
HCAR,2026-09-23,222.68
HGFA,2026-09-23,13.84
HICL,2026-09-23,8.07
HIFA,2026-09-23,4.89
HINO,2026-09-23,321.88
HINOON,2026-09-23,959.21
HIRAT,2026-09-23,5.93
HMB,2026-09-23,98.98
HPL,2026-09-23,3960.22
HRPL,2026-09-23,19.74
HTL,2026-09-23,39.01
HUBC,2026-09-23,205.56
HUBC-OCT,2026-09-23,205.66
HUBC-OCTB,2026-09-23,202.5
HUBC-SEP,2026-09-23,205.53
HUMNL,2026-09-23,10.06
HUMNL-OCT,2026-09-23,10.2
HUMNL-SEP,2026-09-23,10.14
HUSI,2026-09-23,51.5
HWQS,2026-09-23,18.68
IBFL,2026-09-23,259.57
IBLHL,2026-09-23,44.94
ICCI,2026-09-23,13.58
ICIBL,2026-09-23,17.33
ICL,2026-09-23,129.69
IDEAL,2026-09-23,51.08
IDRT,2026-09-23,34.82
IDYM,2026-09-23,132.01
IGIHL,2026-09-23,249.03
IGIL,2026-09-23,19.01
ILP,2026-09-23,100.77
ILP-OCT,2026-09-23,102.0
ILP-SEP,2026-09-23,102.0
IMAGE,2026-09-23,25.89
IMAGE-OCT,2026-09-23,26.09
IMAGE-SEP,2026-09-23,26.88
IMS,2026-09-23,18.13
INDU,2026-09-23,1785.17
INIL,2026-09-23,167.92
INKL,2026-09-23,104.84
IPAK,2026-09-23,36.64
IREIT,2026-09-23,7.98
ISIL,2026-09-23,1825.0
ISL,2026-09-23,83.95
ITANZ,2026-09-23,34.9
ITTEFAQ,2026-09-23,8.64
JATM,2026-09-23,38.37
JDMT,2026-09-23,133.74
JDWS,2026-09-23,893.09
JGICL,2026-09-23,78.47
JKSM,2026-09-23,312.33
JLICL,2026-09-23,107.19
JSBL,2026-09-23,12.19
JSCL,2026-09-23,20.7
JSGBETF,2026-09-23,39.27
JSGCL,2026-09-23,143.0
JSIL,2026-09-23,36.79
JSMFETF,2026-09-23,10.99
JSML,2026-09-23,53.27
JSRR,2026-09-23,10.56
JUBS,2026-09-23,54.6
JVDC,2026-09-23,146.03
JVDC-OCT,2026-09-23,146.99
JVDC-OCTB,2026-09-23,143.18
JVDC-SEP,2026-09-23,146.24
KAPCO,2026-09-23,26.66
KAPCO-SEP,2026-09-23,26.7
KCL,2026-09-23,183.33
KEL,2026-09-23,6.53
KEL-OCT,2026-09-23,6.6
KEL-SEP,2026-09-23,6.54
KHTC,2026-09-23,294.49
KHYT,2026-09-23,1871.26
KML,2026-09-23,8.52
KOHC,2026-09-23,91.64
KOHC-OCT,2026-09-23,93.0
KOHC-SEP,2026-09-23,91.95
KOHE,2026-09-23,15.42
KOHP,2026-09-23,20.52
KOHTM,2026-09-23,99.7
KOIL,2026-09-23,35.72
KOSM,2026-09-23,5.22
KOSM-OCT,2026-09-23,5.25
KOSM-SEP,2026-09-23,5.21
KPUS,2026-09-23,854.36
KSBP,2026-09-23,211.05
KSTM,2026-09-23,12.85
KTML,2026-09-23,42.71
LCI,2026-09-23,209.62
LEUL,2026-09-23,78.57
LIVEN,2026-09-23,31.38
LOADS,2026-09-23,12.68
LOADS-OCT,2026-09-23,12.88
LOADS-SEP,2026-09-23,12.77
LOTCHEM,2026-09-23,25.7
LOTCHEM-OCT,2026-09-23,26.0
LOTCHEM-SEPB,2026-09-23,25.7
LPGL,2026-09-23,72.25
LPL,2026-09-23,19.61
LSECL,2026-09-23,6.06
LSEFSL,2026-09-23,3.51
LSEVL,2026-09-23,14.06
LUCK,2026-09-23,424.34
LUCK-OCTB,2026-09-23,429.38
LUCK-SEPB,2026-09-23,423.42
MACFL,2026-09-23,70.2
MACTER,2026-09-23,264.58
MARI,2026-09-23,650.23
MARI-OCTB,2026-09-23,657.32
MARI-SEPB,2026-09-23,652.25
MCB,2026-09-23,390.6
MCB-OCTB,2026-09-23,399.0
MCB-SEPB,2026-09-23,392.0
MCBIM,2026-09-23,161.0
MDTL,2026-09-23,8.3
MDTL-NOV,2026-09-23,8.9
MDTL-OCT,2026-09-23,8.41
MDTL-SEP,2026-09-23,8.29
MEBL,2026-09-23,555.51
MEBL-OCTB,2026-09-23,558.0
MEBL-SEPB,2026-09-23,555.0
MEHT,2026-09-23,140.21
MERIT,2026-09-23,9.7
MFFL,2026-09-23,163.34
MFL,2026-09-23,43.63
MIIETF,2026-09-23,16.31
MIRKS,2026-09-23,32.35
MLCF,2026-09-23,96.07
MLCF-OCT,2026-09-23,97.01
MLCF-SEP,2026-09-23,96.11
MQTM,2026-09-23,27.62
MRNS,2026-09-23,61.99
MSCL,2026-09-23,22.49
MSOT,2026-09-23,191.4
MTL,2026-09-23,299.58
MTL-OCT,2026-09-23,306.0
MTL-SEP,2026-09-23,300.4
MUGHAL,2026-09-23,71.09
MUGHAL-OCT,2026-09-23,71.8
MUGHAL-SEP,2026-09-23,71.01
MUGHALC,2026-09-23,62.0
MUREB,2026-09-23,935.6
MWMP,2026-09-23,90.11
MZNPETF,2026-09-23,17.52
NAGC,2026-09-23,79.0
NATF,2026-09-23,348.98
NATM,2026-09-23,71.45
NBP,2026-09-23,170.57
NBP-OCT,2026-09-23,172.55
NBP-SEP,2026-09-23,170.79
NBPGETF,2026-09-23,26.9
NCL,2026-09-23,38.97
NCML,2026-09-23,16.0
NCPL,2026-09-23,57.81
NCPL-OCT,2026-09-23,58.44
NCPL-SEP,2026-09-23,57.86
NESTLE,2026-09-23,7396.96
NETSOL,2026-09-23,123.99
NEXT,2026-09-23,14.12
NICL,2026-09-23,266.08
NITGETF,2026-09-23,33.45
NML,2026-09-23,133.46
NML-OCT,2026-09-23,135.03
NML-SEP,2026-09-23,133.76
NNAR,2026-09-23,22.25
NONS,2026-09-23,81.14
NPL,2026-09-23,63.43
NPL-OCT,2026-09-23,63.75
NPL-SEP,2026-09-23,63.56
NRL,2026-09-23,564.98
NRL-OCT,2026-09-23,571.41
NRL-SEP,2026-09-23,565.84
NRSL,2026-09-23,37.43
NSRM,2026-09-23,208.85
OBOY,2026-09-23,17.61
OCTOPUS,2026-09-23,28.49
OGDC,2026-09-23,319.53
OGDC-OCT,2026-09-23,319.94
OGDC-OCTB,2026-09-23,317.5
OGDC-SEP,2026-09-23,319.58
OLPL,2026-09-23,51.0
OLPM,2026-09-23,27.05
OML,2026-09-23,81.43
ORM,2026-09-23,11.21
OTSU,2026-09-23,361.26
PABC,2026-09-23,95.02
PACE,2026-09-23,10.16
PACE-OCT,2026-09-23,10.27
PACE-SEP,2026-09-23,10.16
PAEL,2026-09-23,37.03
PAEL-OCT,2026-09-23,37.41
PAEL-SEP,2026-09-23,37.05
PAKD,2026-09-23,123.96
PAKL,2026-09-23,53.35
PAKOXY,2026-09-23,337.25
PAKQATAR,2026-09-23,17.4
PAKRI,2026-09-23,15.87
PAKT,2026-09-23,1400.66
PASL,2026-09-23,2.56
PASM,2026-09-23,9.73
PCAL,2026-09-23,140.02
PECO,2026-09-23,612.68
PGLC,2026-09-23,16.54
PIAHCLA,2026-09-23,23.11
PIAHCLA-OCT,2026-09-23,23.36
PIAHCLA-SEP,2026-09-23,23.1
PIAHCLB,2026-09-23,15932.33
PIBTL,2026-09-23,15.77
PIBTL-OCT,2026-09-23,15.97
PIBTL-SEP,2026-09-23,15.81
PICT,2026-09-23,45.09
PIL,2026-09-23,5.07
PIM,2026-09-23,44.44
PINL,2026-09-23,10.41
PIOC,2026-09-23,251.84
PIOC-OCT,2026-09-23,255.79
PIOC-SEP,2026-09-23,253.75
PKGI,2026-09-23,41.26
PKGP,2026-09-23,36.8
PKGS,2026-09-23,722.25
PMRS,2026-09-23,394.51
PNSC,2026-09-23,541.94
POL,2026-09-23,748.84
POL-OCT,2026-09-23,753.0
POL-SEP,2026-09-23,754.6
POML,2026-09-23,143.37
POWER,2026-09-23,22.54
POWER-OCT,2026-09-23,22.78
POWER-SEP,2026-09-23,22.59
PPL,2026-09-23,232.83
PPL-OCT,2026-09-23,234.3
PPL-SEP,2026-09-23,232.84
PPP,2026-09-23,152.71
PPVC,2026-09-23,23.78
PQGTL,2026-09-23,13.05
PREMA,2026-09-23,32.61
PREMA-OCT,2026-09-23,32.91
PREMA-SEP,2026-09-23,32.59
PRET,2026-09-23,536.8
PRL,2026-09-23,95.88
PRL-OCT,2026-09-23,96.74
PRL-SEP,2026-09-23,96.04
PRWM,2026-09-23,59.79
PSEL,2026-09-23,1151.42
PSO,2026-09-23,352.54
PSO-OCT,2026-09-23,354.71
PSO-SEP,2026-09-23,351.63
PSX,2026-09-23,47.73
PSYL,2026-09-23,150.96
PTC,2026-09-23,62.88
PTC-OCT,2026-09-23,63.52
PTC-SEP,2026-09-23,62.95
PTL,2026-09-23,50.11
QTECH,2026-09-23,38.93
QUET,2026-09-23,15.14
QUICE,2026-09-23,32.46
REDCO,2026-09-23,28.79
RICL,2026-09-23,11.8
RMPL,2026-09-23,8999.92
RPL,2026-09-23,15.65
RUBY,2026-09-23,21.79
RUPL,2026-09-23,29.9
SAIF,2026-09-23,41.25
SANSM,2026-09-23,119.61
SAPT,2026-09-23,1463.0
SARC,2026-09-23,90.74
SASML,2026-09-23,353.07
SAZEW,2026-09-23,1742.2
SAZEW-OCTB,2026-09-23,1758.0
SAZEW-SEPB,2026-09-23,1745.66
SBL,2026-09-23,12.95
SCBPL,2026-09-23,60.26
SEARL,2026-09-23,84.16
SEARL-OCT,2026-09-23,85.08
SEARL-SEP,2026-09-23,84.19
SEL,2026-09-23,26.17
SELECT,2026-09-23,30.43
SEPL,2026-09-23,137.06
SERT,2026-09-23,39.51
SFL,2026-09-23,1049.8
SGF,2026-09-23,105.89
SGPL,2026-09-23,31.74
SHCM,2026-09-23,56.12
SHDT,2026-09-23,55.59
SHEZ,2026-09-23,294.19
SHFA,2026-09-23,449.93
SHJS,2026-09-23,139.24
SHNI,2026-09-23,8.16
SHSML,2026-09-23,349.48
SIBL,2026-09-23,7.0
SIEM,2026-09-23,1609.42
SINDM,2026-09-23,30.68
SITC,2026-09-23,733.56
SKRS,2026-09-23,24.22
SLGL,2026-09-23,14.44
SLGL-OCT,2026-09-23,14.64
SLGL-SEP,2026-09-23,14.45
SLM,2026-09-23,23.13
SLYT,2026-09-23,17.45
SMCPL,2026-09-23,40.33
SML,2026-09-23,97.0
SNAI,2026-09-23,34.84
SNBL,2026-09-23,19.87
SNBL-OCT,2026-09-23,20.11
SNBL-SEP,2026-09-23,19.9
SNGP,2026-09-23,93.0
SNGP-OCT,2026-09-23,94.02
SNGP-SEP,2026-09-23,93.28
SOYASUP,2026-09-23,31.14
SPAC1,2026-09-23,20.5
SPAC2,2026-09-23,14.29
SPEL,2026-09-23,42.72
SPL,2026-09-23,44.77
SPSL,2026-09-23,16.31
SPWL,2026-09-23,7.95
SRR,2026-09-23,16.85
SRVI,2026-09-23,180.3
SSGC,2026-09-23,24.46
SSGC-OCT,2026-09-23,24.72
SSGC-SEP,2026-09-23,24.48
SSML,2026-09-23,18.83
SSOM,2026-09-23,451.64
STCL,2026-09-23,9.04
STJT,2026-09-23,147.23
STL,2026-09-23,24.92
STML,2026-09-23,48.52
STPL,2026-09-23,8.2
STYLERS,2026-09-23,51.01
SUHJ,2026-09-23,164.81
SURC,2026-09-23,151.62
SUTM,2026-09-23,109.43
SYM,2026-09-23,12.86
SYS,2026-09-23,121.69
SYS-OCT,2026-09-23,123.0
SYS-SEP,2026-09-23,121.87
SZTM,2026-09-23,82.56
TATM,2026-09-23,156.06
TBL,2026-09-23,9.37
TCORP,2026-09-23,19.78
TCORPCPS,2026-09-23,11.11
TELE,2026-09-23,8.01
TELE-OCT,2026-09-23,8.06
TELE-SEP,2026-09-23,8.03
TGL,2026-09-23,167.11
THALL,2026-09-23,529.89
THCCL,2026-09-23,77.99
THCCL-OCT,2026-09-23,78.76
THCCL-SEP,2026-09-23,77.9
TICL,2026-09-23,1010.19
TISL,2026-09-23,4.86
TOMCL,2026-09-23,34.42
TOMCL-OCT,2026-09-23,34.7
TOMCL-SEP,2026-09-23,34.44
TOWL,2026-09-23,131.99
TPL,2026-09-23,22.25
TPL-OCT,2026-09-23,22.51
TPL-SEP,2026-09-23,22.28
TPLI,2026-09-23,50.46
TPLL,2026-09-23,19.06
TPLP,2026-09-23,12.78
TPLP-OCT,2026-09-23,12.93
TPLP-SEP,2026-09-23,12.79
TPLRF1,2026-09-23,9.25
TPLRF1-OCT,2026-09-23,9.4
TPLRF1-SEP,2026-09-23,9.3
TPLT,2026-09-23,32.06
TREET,2026-09-23,23.06
TREET-OCT,2026-09-23,23.25
TREET-SEP,2026-09-23,23.12
TRG,2026-09-23,52.46
TRG-OCT,2026-09-23,52.88
TRG-SEP,2026-09-23,52.39
TRIPF,2026-09-23,133.68
TRSM,2026-09-23,13.86
TSBL,2026-09-23,2.36
TSMF,2026-09-23,15.5
TSML,2026-09-23,509.34
TSPL,2026-09-23,14.18
UBDL,2026-09-23,26.0
UBL,2026-09-23,432.68
UBL-OCT,2026-09-23,437.81
UBL-SEPB,2026-09-23,432.67
UBLPETF,2026-09-23,28.59
UCAPM,2026-09-23,5.41
UDLI,2026-09-23,16.79
UDPL,2026-09-23,108.02
UNIC,2026-09-23,11.2
UNITY,2026-09-23,8.21
UNITY-OCT,2026-09-23,8.27
UNITY-SEP,2026-09-23,8.2
UPFL,2026-09-23,25000.0
UVIC,2026-09-23,18.8
WAFI,2026-09-23,169.38
WAHDAT,2026-09-23,14.57
WAHN,2026-09-23,249.87
WASL,2026-09-23,5.8
WAVES,2026-09-23,9.2
WAVES-OCT,2026-09-23,9.3
WAVES-SEP,2026-09-23,9.24
WAVESAPP,2026-09-23,8.3
WAVESAPP-OCTB,2026-09-23,8.38
WAVESAPP-SEPB,2026-09-23,8.32
WTL,2026-09-23,1.03
WTL-OCT,2026-09-23,1.06
WTL-SEPB,2026-09-23,1.05
YOUW,2026-09-23,5.02
ZAHID,2026-09-23,64.03
ZAL,2026-09-23,42.05
ZIL,2026-09-23,318.33
ZTL,2026-09-23,15.94
ZUMA,2026-09-23,28.56
AABS,2026-09-24,798.73
ABL,2026-09-24,170.48
ABOT,2026-09-24,928.66
ACPL,2026-09-24,228.14
ADAMS,2026-09-24,66.62
AGIC,2026-09-24,39.23
AGP,2026-09-24,153
AICL,2026-09-24,97.94
AKBL,2026-09-24,107.41
ALIFE,2026-09-24,30.55
ALNRS,2026-09-24,125.6
APL,2026-09-24,577.85
ARPL,2026-09-24,444.9
ATIL,2026-09-24,74.14
ATLH,2026-09-24,1579.1
ATRL,2026-09-24,1130.66
AVN,2026-09-24,28.48
BAFL,2026-09-24,57.42
BAFS,2026-09-24,449.18
BAHL,2026-09-24,154.62
BIFO,2026-09-24,114.8
BIPL,2026-09-24,24.93
BOK,2026-09-24,27.25
BOP,2026-09-24,30.97
BRRG,2026-09-24,42.71
BWCL,2026-09-24,445.07
BWHL,2026-09-24,218.07
CENI,2026-09-24,64.25
CHCC,2026-09-24,277.25
COLG,2026-09-24,1133.13
CPPL,2026-09-24,102.34
CSAP,2026-09-24,91.61
CSIL,2026-09-24,5.72
DCR,2026-09-24,39.7
DIIL,2026-09-24,74.65
DLL,2026-09-24,47
DOL,2026-09-24,30.37
DYNO,2026-09-24,330.89
EFERT,2026-09-24,189.85
EFUG,2026-09-24,126.01
EFUL,2026-09-24,158
EPQL,2026-09-24,23.9
EWIC,2026-09-24,60.04
FABL,2026-09-24,94.32
FATIMA,2026-09-24,148.76
FCEPL,2026-09-24,136.9
FFC,2026-09-24,540.51
FTMM,2026-09-24,20.02
GEMPAPL,2026-09-24,11
GHGL,2026-09-24,40.18
GLAXO,2026-09-24,322.61
GVGL,2026-09-24,54.6
GWLC,2026-09-24,50.14
HABSM,2026-09-24,78.57
HALEON,2026-09-24,696.7
HBL,2026-09-24,303.93
HCAR,2026-09-24,223.61
HICL,2026-09-24,8.08
HINOON,2026-09-24,938.51
HMB,2026-09-24,98.99
HPL,2026-09-24,3937.39
HUBC,2026-09-24,203.52
HUMNL,2026-09-24,9.93
ICL,2026-09-24,128.77
IGIHL,2026-09-24,242.55
ILP,2026-09-24,100
INDU,2026-09-24,1794.8
INIL,2026-09-24,163.34
IREIT,2026-09-24,7.92
ISL,2026-09-24,81.09
ITANZ,2026-09-24,33.95
JDWS,2026-09-24,904
JGICL,2026-09-24,76.77
JLICL,2026-09-24,106.92
JSGBETF,2026-09-24,39.2
JSMFETF,2026-09-24,10.52
KAPCO,2026-09-24,26.62
KSBP,2026-09-24,214.92
LCI,2026-09-24,209.42
LOADS,2026-09-24,12.66
LOTCHEM,2026-09-24,25.08
LSECL,2026-09-24,6.24
LSEVL,2026-09-24,14.32
MARI,2026-09-24,635.95
MCB,2026-09-24,398.42
MCBIM,2026-09-24,163.57
MEBL,2026-09-24,550.98
MFFL,2026-09-24,164.1
MRNS,2026-09-24,61.49
MTL,2026-09-24,298.78
MUREB,2026-09-24,933.39
NATF,2026-09-24,350.24
NBP,2026-09-24,170.11
NCL,2026-09-24,39.18
NCPL,2026-09-24,58.81
NESTLE,2026-09-24,7410
NICL,2026-09-24,266.5
NONS,2026-09-24,80.97
NPL,2026-09-24,64.32
OGDC,2026-09-24,317.49
OLPL,2026-09-24,50.98
PAKQATAR,2026-09-24,17.03
PAKRI,2026-09-24,15.63
PAKT,2026-09-24,1363.33
PKGS,2026-09-24,706.83
PNSC,2026-09-24,534.91
POL,2026-09-24,746.4
PPL,2026-09-24,228.39
PQGTL,2026-09-24,12.84
PTL,2026-09-24,50.39
RICL,2026-09-24,11.75
RMPL,2026-09-24,9000.71
SAPT,2026-09-24,1438.85
SASML,2026-09-24,353.07
SAZEW,2026-09-24,1747.92
SCBPL,2026-09-24,60
SGF,2026-09-24,106.53
SHDT,2026-09-24,55.61
SHJS,2026-09-24,136.4
SHNI,2026-09-24,8.07
SHSML,2026-09-24,360.78
SNBL,2026-09-24,19.9
SNGP,2026-09-24,90.91
SPEL,2026-09-24,42.55
SPWL,2026-09-24,8
SRVI,2026-09-24,176.85
SSGC,2026-09-24,23.81
STYLERS,2026-09-24,50.03
SYS,2026-09-24,121.12
TCORP,2026-09-24,19.68
TCORPCPS,2026-09-24,10.35
TGL,2026-09-24,165.34
THALL,2026-09-24,536.7
TICL,2026-09-24,1025.42
TSBL,2026-09-24,2.35
UBL,2026-09-24,428.61
UDPL,2026-09-24,109.35
UNIC,2026-09-24,11.57
UPFL,2026-09-24,25000
WAFI,2026-09-24,164.81
ZIL,2026-09-24,325.57
AABS,2026-09-25,800.96
ABL,2026-09-25,170.06
ABOT,2026-09-25,925.4
ACPL,2026-09-25,229.96
ADAMS,2026-09-25,65.71
AGIC,2026-09-25,39.36
AGP,2026-09-25,156.08
AICL,2026-09-25,99.52
AKBL,2026-09-25,107.48
ALIFE,2026-09-25,30.21
ALNRS,2026-09-25,124.95
APL,2026-09-25,583.86
ARPL,2026-09-25,400.32
ATIL,2026-09-25,74.15
ATLH,2026-09-25,1580.17
ATRL,2026-09-25,1173.72
AVN,2026-09-25,28.34
BAFL,2026-09-25,56.69
BAFS,2026-09-25,434.51
BAHL,2026-09-25,152.82
BIFO,2026-09-25,114.07
BIPL,2026-09-25,24.92
BOK,2026-09-25,28.2
BOP,2026-09-25,30.82
BRRG,2026-09-25,42
BWCL,2026-09-25,447.93
BWHL,2026-09-25,218.28
CENI,2026-09-25,62.56
CHCC,2026-09-25,282.65
COLG,2026-09-25,1139.16
CPPL,2026-09-25,100.72
CSAP,2026-09-25,94.12
CSIL,2026-09-25,5.66
DCR,2026-09-25,39.4
DIIL,2026-09-25,72.8
DLL,2026-09-25,46.48
DOL,2026-09-25,30.54
DYNO,2026-09-25,328.08
EFERT,2026-09-25,192.87
EFUG,2026-09-25,126.13
EFUL,2026-09-25,158
EPQL,2026-09-25,23.99
EWIC,2026-09-25,65.62
FABL,2026-09-25,94.69
FATIMA,2026-09-25,148.09
FCEPL,2026-09-25,139.02
FFC,2026-09-25,544.15
FTMM,2026-09-25,18.85
GEMPAPL,2026-09-25,11
GHGL,2026-09-25,40.11
GLAXO,2026-09-25,321.36
GVGL,2026-09-25,54
GWLC,2026-09-25,50.89
HABSM,2026-09-25,79.01
HALEON,2026-09-25,692.99
HBL,2026-09-25,303.3
HCAR,2026-09-25,222.68
HICL,2026-09-25,8.07
HINOON,2026-09-25,959.21
HMB,2026-09-25,98.98
HPL,2026-09-25,3960.22
HUBC,2026-09-25,205.56
HUMNL,2026-09-25,10.06
ICL,2026-09-25,129.69
IGIHL,2026-09-25,249.03
ILP,2026-09-25,100.77
INDU,2026-09-25,1785.17
INIL,2026-09-25,167.92
IREIT,2026-09-25,7.98
ISL,2026-09-25,83.95
ITANZ,2026-09-25,34.9
JDWS,2026-09-25,893.09
JGICL,2026-09-25,78.47
JLICL,2026-09-25,107.19
JSGBETF,2026-09-25,39.27
JSMFETF,2026-09-25,10.99
KAPCO,2026-09-25,26.66
KSBP,2026-09-25,211.05
LCI,2026-09-25,209.62
LOADS,2026-09-25,12.68
LOTCHEM,2026-09-25,25.7
LSECL,2026-09-25,6.06
LSEVL,2026-09-25,14.06
MARI,2026-09-25,650.23
MCB,2026-09-25,390.6
MCBIM,2026-09-25,161
MEBL,2026-09-25,555.51
MFFL,2026-09-25,163.34
MRNS,2026-09-25,61.99
MTL,2026-09-25,299.58
MUREB,2026-09-25,935.6
NATF,2026-09-25,348.98
NBP,2026-09-25,170.57
NCL,2026-09-25,38.97
NCPL,2026-09-25,57.81
NESTLE,2026-09-25,7396.96
NICL,2026-09-25,266.08
NONS,2026-09-25,81.14
NPL,2026-09-25,63.43
OGDC,2026-09-25,319.53
OLPL,2026-09-25,51
PAKQATAR,2026-09-25,17.4
PAKRI,2026-09-25,15.87
PAKT,2026-09-25,1400.66
PKGS,2026-09-25,722.25
PNSC,2026-09-25,541.94
POL,2026-09-25,748.84
PPL,2026-09-25,232.83
PQGTL,2026-09-25,13.05
PTL,2026-09-25,50.11
RICL,2026-09-25,11.8
RMPL,2026-09-25,8999.92
SAPT,2026-09-25,1463
SASML,2026-09-25,353.07
SAZEW,2026-09-25,1742.2
SCBPL,2026-09-25,60.26
SGF,2026-09-25,105.89
SHDT,2026-09-25,55.59
SHJS,2026-09-25,139.24
SHNI,2026-09-25,8.16
SHSML,2026-09-25,349.48
SNBL,2026-09-25,19.87
SNGP,2026-09-25,93
SPEL,2026-09-25,42.72
SPWL,2026-09-25,7.95
SRVI,2026-09-25,180.3
SSGC,2026-09-25,24.46
STYLERS,2026-09-25,51.01
SYS,2026-09-25,121.69
TCORP,2026-09-25,19.78
TCORPCPS,2026-09-25,11.11
TGL,2026-09-25,167.11
THALL,2026-09-25,529.89
TICL,2026-09-25,1010.19
TSBL,2026-09-25,2.36
UBL,2026-09-25,432.68
UDPL,2026-09-25,108.02
UNIC,2026-09-25,11.2
UPFL,2026-09-25,25000
WAFI,2026-09-25,169.38
ZIL,2026-09-25,318.33
AABS,2026-09-28,800.96
ABL,2026-09-28,170.06
ABOT,2026-09-28,925.4
ACPL,2026-09-28,229.96
ADAMS,2026-09-28,65.71
AGIC,2026-09-28,39.36
AGP,2026-09-28,156.08
AICL,2026-09-28,99.52
AKBL,2026-09-28,107.48
ALIFE,2026-09-28,30.21
ALNRS,2026-09-28,124.95
APL,2026-09-28,583.86
ARPL,2026-09-28,400.32
ATIL,2026-09-28,74.15
ATLH,2026-09-28,1580.17
ATRL,2026-09-28,1173.72
AVN,2026-09-28,28.34
BAFL,2026-09-28,56.69
BAFS,2026-09-28,434.51
BAHL,2026-09-28,152.82
BIFO,2026-09-28,114.07
BIPL,2026-09-28,24.92
BOK,2026-09-28,28.2
BOP,2026-09-28,30.82
BRRG,2026-09-28,42
BWCL,2026-09-28,447.93
BWHL,2026-09-28,218.28
CENI,2026-09-28,62.56
CHCC,2026-09-28,282.65
COLG,2026-09-28,1139.16
CPPL,2026-09-28,100.72
CSAP,2026-09-28,94.12
CSIL,2026-09-28,5.66
DCR,2026-09-28,39.4
DIIL,2026-09-28,72.8
DLL,2026-09-28,46.48
DOL,2026-09-28,30.54
DYNO,2026-09-28,328.08
EFERT,2026-09-28,192.87
EFUG,2026-09-28,126.13
EFUL,2026-09-28,158
EPQL,2026-09-28,23.99
EWIC,2026-09-28,65.62
FABL,2026-09-28,94.69
FATIMA,2026-09-28,148.09
FCEPL,2026-09-28,139.02
FFC,2026-09-28,544.15
FTMM,2026-09-28,18.85
GEMPAPL,2026-09-28,11
GHGL,2026-09-28,40.11
GLAXO,2026-09-28,321.36
GVGL,2026-09-28,54
GWLC,2026-09-28,50.89
HABSM,2026-09-28,79.01
HALEON,2026-09-28,692.99
HBL,2026-09-28,303.3
HCAR,2026-09-28,222.68
HICL,2026-09-28,8.07
HINOON,2026-09-28,959.21
HMB,2026-09-28,98.98
HPL,2026-09-28,3960.22
HUBC,2026-09-28,205.56
HUMNL,2026-09-28,10.06
ICL,2026-09-28,129.69
IGIHL,2026-09-28,249.03
ILP,2026-09-28,100.77
INDU,2026-09-28,1785.17
INIL,2026-09-28,167.92
IREIT,2026-09-28,7.98
ISL,2026-09-28,83.95
ITANZ,2026-09-28,34.9
JDWS,2026-09-28,893.09
JGICL,2026-09-28,78.47
JLICL,2026-09-28,107.19
JSGBETF,2026-09-28,39.27
JSMFETF,2026-09-28,10.99
KAPCO,2026-09-28,26.66
KSBP,2026-09-28,211.05
LCI,2026-09-28,209.62
LOADS,2026-09-28,12.68
LOTCHEM,2026-09-28,25.7
LSECL,2026-09-28,6.06
LSEVL,2026-09-28,14.06
MARI,2026-09-28,650.23
MCB,2026-09-28,390.6
MCBIM,2026-09-28,161
MEBL,2026-09-28,555.51
MFFL,2026-09-28,163.34
MRNS,2026-09-28,61.99
MTL,2026-09-28,299.58
MUREB,2026-09-28,935.6
NATF,2026-09-28,348.98
NBP,2026-09-28,170.57
NCL,2026-09-28,38.97
NCPL,2026-09-28,57.81
NESTLE,2026-09-28,7396.96
NICL,2026-09-28,266.08
NONS,2026-09-28,81.14
NPL,2026-09-28,63.43
OGDC,2026-09-28,319.53
OLPL,2026-09-28,51
PAKQATAR,2026-09-28,17.4
PAKRI,2026-09-28,15.87
PAKT,2026-09-28,1400.66
PKGS,2026-09-28,722.25
PNSC,2026-09-28,541.94
POL,2026-09-28,748.84
PPL,2026-09-28,232.83
PQGTL,2026-09-28,13.05
PTL,2026-09-28,50.11
RICL,2026-09-28,11.8
RMPL,2026-09-28,8999.92
SAPT,2026-09-28,1463
SASML,2026-09-28,353.07
SAZEW,2026-09-28,1742.2
SCBPL,2026-09-28,60.26
SGF,2026-09-28,105.89
SHDT,2026-09-28,55.59
SHJS,2026-09-28,139.24
SHNI,2026-09-28,8.16
SHSML,2026-09-28,349.48
SNBL,2026-09-28,19.87
SNGP,2026-09-28,93
SPEL,2026-09-28,42.72
SPWL,2026-09-28,7.95
SRVI,2026-09-28,180.3
SSGC,2026-09-28,24.46
STYLERS,2026-09-28,51.01
SYS,2026-09-28,121.69
TCORP,2026-09-28,19.78
TCORPCPS,2026-09-28,11.11
TGL,2026-09-28,167.11
THALL,2026-09-28,529.89
TICL,2026-09-28,1010.19
TSBL,2026-09-28,2.36
UBL,2026-09-28,432.68
UDPL,2026-09-28,108.02
UNIC,2026-09-28,11.2
UPFL,2026-09-28,25000
WAFI,2026-09-28,169.38
ZIL,2026-09-28,318.33
AABS,2026-09-29,800.96
ABL,2026-09-29,170.06
ABOT,2026-09-29,925.4
ACPL,2026-09-29,229.96
ADAMS,2026-09-29,65.71
AGIC,2026-09-29,39.36
AGP,2026-09-29,156.08
AICL,2026-09-29,99.52
AKBL,2026-09-29,107.48
ALIFE,2026-09-29,30.21
ALNRS,2026-09-29,124.95
APL,2026-09-29,583.86
ARPL,2026-09-29,400.32
ATIL,2026-09-29,74.15
ATLH,2026-09-29,1580.17
ATRL,2026-09-29,1173.72
AVN,2026-09-29,28.34
BAFL,2026-09-29,56.69
BAFS,2026-09-29,434.51
BAHL,2026-09-29,152.82
BIFO,2026-09-29,114.07
BIPL,2026-09-29,24.92
BOK,2026-09-29,28.2
BOP,2026-09-29,30.82
BRRG,2026-09-29,42
BWCL,2026-09-29,447.93
BWHL,2026-09-29,218.28
CENI,2026-09-29,62.56
CHCC,2026-09-29,282.65
COLG,2026-09-29,1139.16
CPPL,2026-09-29,100.72
CSAP,2026-09-29,94.12
CSIL,2026-09-29,5.66
DCR,2026-09-29,39.4
DIIL,2026-09-29,72.8
DLL,2026-09-29,46.48
DOL,2026-09-29,30.54
DYNO,2026-09-29,328.08
EFERT,2026-09-29,192.87
EFUG,2026-09-29,126.13
EFUL,2026-09-29,158
EPQL,2026-09-29,23.99
EWIC,2026-09-29,65.62
FABL,2026-09-29,94.69
FATIMA,2026-09-29,148.09
FCEPL,2026-09-29,139.02
FFC,2026-09-29,544.15
FTMM,2026-09-29,18.85
GEMPAPL,2026-09-29,11
GHGL,2026-09-29,40.11
GLAXO,2026-09-29,321.36
GVGL,2026-09-29,54
GWLC,2026-09-29,50.89
HABSM,2026-09-29,79.01
HALEON,2026-09-29,692.99
HBL,2026-09-29,303.3
HCAR,2026-09-29,222.68
HICL,2026-09-29,8.07
HINOON,2026-09-29,959.21
HMB,2026-09-29,98.98
HPL,2026-09-29,3960.22
HUBC,2026-09-29,205.56
HUMNL,2026-09-29,10.06
ICL,2026-09-29,129.69
IGIHL,2026-09-29,249.03
ILP,2026-09-29,100.77
INDU,2026-09-29,1785.17
INIL,2026-09-29,167.92
IREIT,2026-09-29,7.98
ISL,2026-09-29,83.95
ITANZ,2026-09-29,34.9
JDWS,2026-09-29,893.09
JGICL,2026-09-29,78.47
JLICL,2026-09-29,107.19
JSGBETF,2026-09-29,39.27
JSMFETF,2026-09-29,10.99
KAPCO,2026-09-29,26.66
KSBP,2026-09-29,211.05
LCI,2026-09-29,209.62
LOADS,2026-09-29,12.68
LOTCHEM,2026-09-29,25.7
LSECL,2026-09-29,6.06
LSEVL,2026-09-29,14.06
MARI,2026-09-29,650.23
MCB,2026-09-29,390.6
MCBIM,2026-09-29,161
MEBL,2026-09-29,555.51
MFFL,2026-09-29,163.34
MRNS,2026-09-29,61.99
MTL,2026-09-29,299.58
MUREB,2026-09-29,935.6
NATF,2026-09-29,348.98
NBP,2026-09-29,170.57
NCL,2026-09-29,38.97
NCPL,2026-09-29,57.81
NESTLE,2026-09-29,7396.96
NICL,2026-09-29,266.08
NONS,2026-09-29,81.14
NPL,2026-09-29,63.43
OGDC,2026-09-29,319.53
OLPL,2026-09-29,51
PAKQATAR,2026-09-29,17.4
PAKRI,2026-09-29,15.87
PAKT,2026-09-29,1400.66
PKGS,2026-09-29,722.25
PNSC,2026-09-29,541.94
POL,2026-09-29,748.84
PPL,2026-09-29,232.83
PQGTL,2026-09-29,13.05
PTL,2026-09-29,50.11
RICL,2026-09-29,11.8
RMPL,2026-09-29,8999.92
SAPT,2026-09-29,1463
SASML,2026-09-29,353.07
SAZEW,2026-09-29,1742.2
SCBPL,2026-09-29,60.26
SGF,2026-09-29,105.89
SHDT,2026-09-29,55.59
SHJS,2026-09-29,139.24
SHNI,2026-09-29,8.16
SHSML,2026-09-29,349.48
SNBL,2026-09-29,19.87
SNGP,2026-09-29,93
SPEL,2026-09-29,42.72
SPWL,2026-09-29,7.95
SRVI,2026-09-29,180.3
SSGC,2026-09-29,24.46
STYLERS,2026-09-29,51.01
SYS,2026-09-29,121.69
TCORP,2026-09-29,19.78
TCORPCPS,2026-09-29,11.11
TGL,2026-09-29,167.11
THALL,2026-09-29,529.89
TICL,2026-09-29,1010.19
TSBL,2026-09-29,2.36
UBL,2026-09-29,432.68
UDPL,2026-09-29,108.02
UNIC,2026-09-29,11.2
UPFL,2026-09-29,25000
WAFI,2026-09-29,169.38
ZIL,2026-09-29,318.33
AABS,2026-09-30,800.96
ABL,2026-09-30,170.06
ABOT,2026-09-30,925.4
ACPL,2026-09-30,229.96
ADAMS,2026-09-30,65.71
AGIC,2026-09-30,39.36
AGP,2026-09-30,156.08
AICL,2026-09-30,99.52
AKBL,2026-09-30,107.48
ALIFE,2026-09-30,30.21
ALNRS,2026-09-30,124.95
APL,2026-09-30,583.86
ARPL,2026-09-30,400.32
ATIL,2026-09-30,74.15
ATLH,2026-09-30,1580.17
ATRL,2026-09-30,1173.72
AVN,2026-09-30,28.34
BAFL,2026-09-30,56.69
BAFS,2026-09-30,434.51
BAHL,2026-09-30,152.82
BIFO,2026-09-30,114.07
BIPL,2026-09-30,24.92
BOK,2026-09-30,28.2
BOP,2026-09-30,30.82
BRRG,2026-09-30,42
BWCL,2026-09-30,447.93
BWHL,2026-09-30,218.28
CENI,2026-09-30,62.56
CHCC,2026-09-30,282.65
COLG,2026-09-30,1139.16
CPPL,2026-09-30,100.72
CSAP,2026-09-30,94.12
CSIL,2026-09-30,5.66
DCR,2026-09-30,39.4
DIIL,2026-09-30,72.8
DLL,2026-09-30,46.48
DOL,2026-09-30,30.54
DYNO,2026-09-30,328.08
EFERT,2026-09-30,192.87
EFUG,2026-09-30,126.13
EFUL,2026-09-30,158
EPQL,2026-09-30,23.99
EWIC,2026-09-30,65.62
FABL,2026-09-30,94.69
FATIMA,2026-09-30,148.09
FCEPL,2026-09-30,139.02
FFC,2026-09-30,544.15
FTMM,2026-09-30,18.85
GEMPAPL,2026-09-30,11
GHGL,2026-09-30,40.11
GLAXO,2026-09-30,321.36
GVGL,2026-09-30,54
GWLC,2026-09-30,50.89
HABSM,2026-09-30,79.01
HALEON,2026-09-30,692.99
HBL,2026-09-30,303.3
HCAR,2026-09-30,222.68
HICL,2026-09-30,8.07
HINOON,2026-09-30,959.21
HMB,2026-09-30,98.98
HPL,2026-09-30,3960.22
HUBC,2026-09-30,205.56
HUMNL,2026-09-30,10.06
ICL,2026-09-30,129.69
IGIHL,2026-09-30,249.03
ILP,2026-09-30,100.77
INDU,2026-09-30,1785.17
INIL,2026-09-30,167.92
IREIT,2026-09-30,7.98
ISL,2026-09-30,83.95
ITANZ,2026-09-30,34.9
JDWS,2026-09-30,893.09
JGICL,2026-09-30,78.47
JLICL,2026-09-30,107.19
JSGBETF,2026-09-30,39.27
JSMFETF,2026-09-30,10.99
KAPCO,2026-09-30,26.66
KSBP,2026-09-30,211.05
LCI,2026-09-30,209.62
LOADS,2026-09-30,12.68
LOTCHEM,2026-09-30,25.7
LSECL,2026-09-30,6.06
LSEVL,2026-09-30,14.06
MARI,2026-09-30,650.23
MCB,2026-09-30,390.6
MCBIM,2026-09-30,161
MEBL,2026-09-30,555.51
MFFL,2026-09-30,163.34
MRNS,2026-09-30,61.99
MTL,2026-09-30,299.58
MUREB,2026-09-30,935.6
NATF,2026-09-30,348.98
NBP,2026-09-30,170.57
NCL,2026-09-30,38.97
NCPL,2026-09-30,57.81
NESTLE,2026-09-30,7396.96
NICL,2026-09-30,266.08
NONS,2026-09-30,81.14
NPL,2026-09-30,63.43
OGDC,2026-09-30,319.53
OLPL,2026-09-30,51
PAKQATAR,2026-09-30,17.4
PAKRI,2026-09-30,15.87
PAKT,2026-09-30,1400.66
PKGS,2026-09-30,722.25
PNSC,2026-09-30,541.94
POL,2026-09-30,748.84
PPL,2026-09-30,232.83
PQGTL,2026-09-30,13.05
PTL,2026-09-30,50.11
RICL,2026-09-30,11.8
RMPL,2026-09-30,8999.92
SAPT,2026-09-30,1463
SASML,2026-09-30,353.07
SAZEW,2026-09-30,1742.2
SCBPL,2026-09-30,60.26
SGF,2026-09-30,105.89
SHDT,2026-09-30,55.59
SHJS,2026-09-30,139.24
SHNI,2026-09-30,8.16
SHSML,2026-09-30,349.48
SNBL,2026-09-30,19.87
SNGP,2026-09-30,93
SPEL,2026-09-30,42.72
SPWL,2026-09-30,7.95
SRVI,2026-09-30,180.3
SSGC,2026-09-30,24.46
STYLERS,2026-09-30,51.01
SYS,2026-09-30,121.69
TCORP,2026-09-30,19.78
TCORPCPS,2026-09-30,11.11
TGL,2026-09-30,167.11
THALL,2026-09-30,529.89
TICL,2026-09-30,1010.19
TSBL,2026-09-30,2.36
UBL,2026-09-30,432.68
UDPL,2026-09-30,108.02
UNIC,2026-09-30,11.2
UPFL,2026-09-30,25000
WAFI,2026-09-30,169.38
ZIL,2026-09-30,318.33
AABS,2026-10-01,800.96
ABL,2026-10-01,170.06
ABOT,2026-10-01,925.4
ACPL,2026-10-01,229.96
ADAMS,2026-10-01,65.71
AGIC,2026-10-01,39.36
AGP,2026-10-01,156.08
AICL,2026-10-01,99.52
AKBL,2026-10-01,107.48
ALIFE,2026-10-01,30.21
ALNRS,2026-10-01,124.95
APL,2026-10-01,583.86
ARPL,2026-10-01,400.32
ATIL,2026-10-01,74.15
ATLH,2026-10-01,1580.17
ATRL,2026-10-01,1173.72
AVN,2026-10-01,28.34
BAFL,2026-10-01,56.69
BAFS,2026-10-01,434.51
BAHL,2026-10-01,152.82
BIFO,2026-10-01,114.07
BIPL,2026-10-01,24.92
BOK,2026-10-01,28.2
BOP,2026-10-01,30.82
BRRG,2026-10-01,42
BWCL,2026-10-01,447.93
BWHL,2026-10-01,218.28
CENI,2026-10-01,62.56
CHCC,2026-10-01,282.65
COLG,2026-10-01,1139.16
CPPL,2026-10-01,100.72
CSAP,2026-10-01,94.12
CSIL,2026-10-01,5.66
DCR,2026-10-01,39.4
DIIL,2026-10-01,72.8
DLL,2026-10-01,46.48
DOL,2026-10-01,30.54
DYNO,2026-10-01,328.08
EFERT,2026-10-01,192.87
EFUG,2026-10-01,126.13
EFUL,2026-10-01,158
EPQL,2026-10-01,23.99
EWIC,2026-10-01,65.62
FABL,2026-10-01,94.69
FATIMA,2026-10-01,148.09
FCEPL,2026-10-01,139.02
FFC,2026-10-01,544.15
FTMM,2026-10-01,18.85
GEMPAPL,2026-10-01,11
GHGL,2026-10-01,40.11
GLAXO,2026-10-01,321.36
GVGL,2026-10-01,54
GWLC,2026-10-01,50.89
HABSM,2026-10-01,79.01
HALEON,2026-10-01,692.99
HBL,2026-10-01,303.3
HCAR,2026-10-01,222.68
HICL,2026-10-01,8.07
HINOON,2026-10-01,959.21
HMB,2026-10-01,98.98
HPL,2026-10-01,3960.22
HUBC,2026-10-01,205.56
HUMNL,2026-10-01,10.06
ICL,2026-10-01,129.69
IGIHL,2026-10-01,249.03
ILP,2026-10-01,100.77
INDU,2026-10-01,1785.17
INIL,2026-10-01,167.92
IREIT,2026-10-01,7.98
ISL,2026-10-01,83.95
ITANZ,2026-10-01,34.9
JDWS,2026-10-01,893.09
JGICL,2026-10-01,78.47
JLICL,2026-10-01,107.19
JSGBETF,2026-10-01,39.27
JSMFETF,2026-10-01,10.99
KAPCO,2026-10-01,26.66
KSBP,2026-10-01,211.05
LCI,2026-10-01,209.62
LOADS,2026-10-01,12.68
LOTCHEM,2026-10-01,25.7
LSECL,2026-10-01,6.06
LSEVL,2026-10-01,14.06
MARI,2026-10-01,650.23
MCB,2026-10-01,390.6
MCBIM,2026-10-01,161
MEBL,2026-10-01,555.51
MFFL,2026-10-01,163.34
MRNS,2026-10-01,61.99
MTL,2026-10-01,299.58
MUREB,2026-10-01,935.6
NATF,2026-10-01,348.98
NBP,2026-10-01,170.57
NCL,2026-10-01,38.97
NCPL,2026-10-01,57.81
NESTLE,2026-10-01,7396.96
NICL,2026-10-01,266.08
NONS,2026-10-01,81.14
NPL,2026-10-01,63.43
OGDC,2026-10-01,319.53
OLPL,2026-10-01,51
PAKQATAR,2026-10-01,17.4
PAKRI,2026-10-01,15.87
PAKT,2026-10-01,1400.66
PKGS,2026-10-01,722.25
PNSC,2026-10-01,541.94
POL,2026-10-01,748.84
PPL,2026-10-01,232.83
PQGTL,2026-10-01,13.05
PTL,2026-10-01,50.11
RICL,2026-10-01,11.8
RMPL,2026-10-01,8999.92
SAPT,2026-10-01,1463
SASML,2026-10-01,353.07
SAZEW,2026-10-01,1742.2
SCBPL,2026-10-01,60.26
SGF,2026-10-01,105.89
SHDT,2026-10-01,55.59
SHJS,2026-10-01,139.24
SHNI,2026-10-01,8.16
SHSML,2026-10-01,349.48
SNBL,2026-10-01,19.87
SNGP,2026-10-01,93
SPEL,2026-10-01,42.72
SPWL,2026-10-01,7.95
SRVI,2026-10-01,180.3
SSGC,2026-10-01,24.46
STYLERS,2026-10-01,51.01
SYS,2026-10-01,121.69
TCORP,2026-10-01,19.78
TCORPCPS,2026-10-01,11.11
TGL,2026-10-01,167.11
THALL,2026-10-01,529.89
TICL,2026-10-01,1010.19
TSBL,2026-10-01,2.36
UBL,2026-10-01,432.68
UDPL,2026-10-01,108.02
UNIC,2026-10-01,11.2
UPFL,2026-10-01,25000
WAFI,2026-10-01,169.38
ZIL,2026-10-01,318.33